:020000040800F2
:1000000078760020310300081B4C0008814000086E
:10001000194C0008D30C000891750008000000007E
:100020000000000000000000000000007102000855
:100030009D0F000800000000CD020008DD510008FF
:100040004B0300084B0300084B0300084B03000858
:100050004B0300084B0300084B0300084B03000848
:100060004B0300084B0300084B0300084B03000838
:10007000E50E00084B0300084B0300084B03000883
:100080004B0300084B0300084B030008090D000850
:10009000F10C0008FD0C00084B0300084B0300089E
:1000A0004B0300084B0300084B0300084B030008F8
:1000B0004B0300084B0300084B0300084B030008E8
:1000C0004B0300084B0300084B0300084B030008D8
:1000D0004B0300082D5800084B030008395800084E
:1000E0004B0300084B0300084B0300084B030008B8
:1000F0004B0300084B0300084B0300084B030008A8
:100100004B0300084B030008AD5200084B030008E6
:100110004B0300084B0300084B0300084B03000887
:100120004B030008F10E0008FD0E0008090F00083F
:100130004B0300084B0300084B0300084B03000867
:10014000150D0008210D00084B0300081D4C000888
:100150004B030008150F00084B030008F95800086E
:100160004B0300084B0300084B0300084B03000837
:100170004B0300084B0300084B030008000000007D
:100180004B0300084B03000800F002F800F060F891
:100190000AA090E8000C82448344AAF10107DA45E2
:1001A00001D100F055F8AFF2090EBAE80F0013F0D4
:1001B000010F18BFFB1A43F00103184728A90000DC
:1001C00048A900000A444FF0000C10F8013B13F05E
:1001D000070408BF10F8014B1D1108BF10F8015BA0
:1001E000641E05D010F8016B641E01F8016BF9D193
:1001F00013F0080F1EBF10F8014BAD1C0C1B09D1EA
:100200006D1E58BF01F801CBFAD505E014F8016B5B
:1002100001F8016B6D1EF9D59142D6D370470000ED
:100220000023002400250026103A28BF78C1FBD8FF
:10023000520728BF30C148BF0B6070471FB50AF096
:100240008FF89DE8030000F05FFA1FBD10B510BDE8
:1002500000F01AFB1146FFF7F1FF08F009FB00F070
:1002600038FB03B4FFF7F2FF03BC00F06FFB0000A4
:100270002C4B19680868B0E8F04F80F30988BFF389
:100280006F8F4FF0000080F311887047000000006E
:1002900008480068006880F308884FF0000080F389
:1002A000148862B661B6BFF34F8FBFF36F8F00DF64
:1002B00000BF00BF08ED00E0DFF80C00016841F46A
:1002C00070010160704700BF88ED00E0EFF3098026
:1002D000BFF36F8F134B1A681EF0100F08BF20ED8D
:1002E000108A20E9F04F106009B44FF0500080F3FD
:1002F0001188BFF34F8FBFF36F8F09F069F94FF08B
:10030000000080F3118809BC19680868B0E8F04F54
:100310001EF0100F08BFB0EC108A80F30988BFF3FD
:100320006F8F704794000020EFF305807047000046
:100330000948804709480047FEE7FEE7FEE7FEE779
:10034000FEE7FEE7FEE7FEE7FEE7FEE704480549B5
:10035000054A064B704700009D52000889010008BD
:100360007870002078760020787200207872002063
:1003700070B5064600F0ACF9056806F10B0020F0F8
:100380000704B4429CBF002070BD2B466A68BAB116
:100390001068A04210D304F1080188423CBF5068A5
:1003A000586007D35168101941601168091B01603A
:1003B00058601460101D70BD13465268002AE7D1C2
:1003C0002146284600F08CF90028DED170BD70B5BA
:1003D0000446051F00F07CF90068002C14BF446837
:1003E00070BD002C18BFAC423CBF20466468F8D3F7
:1003F00001680A18AA4218BF456003D12A68054659
:100400001144016028684119A1421CBF6C6070BD95
:100410006168696021680844286070BD53EA020C75
:1004200000F069802DE9F04B4FF00006002B1FBF54
:10043000B3FA83F503FA05F424FA05F65E4012BF19
:100440001643B2FA82F502FA05F4C5F120051EBF83
:1004500022FA05FC44EA0C04203556EA044C4FEA23
:10046000144418BF641C4FF000084FF0000990427C
:1004700071EB030C39D3002919BFB1FA81F701FAE6
:1004800007F6B0FA80F700FA07F6C7F120071EBF9B
:1004900020FA07FC46EA0C062037B6FBF4FCA7EB73
:1004A0000507103F07F01F0BCBF120060CFA0BFBE2
:1004B0002CFA06F644BFB3460026202FA4BF5E46A2
:1004C0004FF0000B5BEA060C08BF4FF0010B19EB75
:1004D0000B09ABFB027C48EB0608C01B06FB02CCF9
:1004E0000BFB03CC71EB0C01C1E70B460246414606
:1004F0004846BDE8F08B13B54FF000004FF0000107
:10050000AFF30080BDE81C407047032A40F2308002
:1005100010F0030C00F0158011F8013BBCF1020F44
:10052000624498BF11F801CB00F8013B38BF11F8C5
:10053000013BA2F1040298BF00F801CB38BF00F8DC
:10054000013B11F0030300F06780083AC0F0088017
:1005500051F8043B083A51F804CBA0E80810F5E73D
:10056000121D5CBF51F8043B40F8043BAFF3008020
:10057000D20724BF11F8013B11F801CB48BF11F895
:10058000012B24BF00F8013B00F801CB48BF00F865
:10059000012B7047431A28BF9A427FF6B6AF032A51
:1005A0001044114440F2268010F0030F1EBF11F8D2
:1005B000013D521E00F8013D10F0030F7FF4F6AF2D
:1005C00011F0030300F0F480083AC0F00B8051F8FA
:1005D000043D083A51F804CD40F8043D40F804CDFC
:1005E000FFF7F3BF121D5CBF51F8043D40F8043D16
:1005F000AFF30080D20724BF11F8013D11F801CDFF
:1006000048BF11F8012C24BF00F8013D00F801CDCE
:1006100048BF00F8012C704710B5203AC0F00B809D
:10062000B1E81850203AA0E81850B1E81850A0E8F6
:100630001850BFF4F5AF5FEA027C24BFB1E8185050
:10064000A0E8185044BF18C918C0BDE810405FEAC0
:10065000827C24BF51F8043B40F8043B08BF70473C
:10066000D20728BF31F8023B48BF11F8012B28BF41
:1006700020F8023B48BF00F8012B70474FF0000202
:1006800000B5134694469646203922BFA0E80C5088
:10069000A0E80C50B1F12001BFF4F7AF090728BF63
:1006A000A0E80C5048BF0CC05DF804EB890028BFDF
:1006B00040F8042B08BF704748BF20F8022B11F008
:1006C000804F18BF00F8012B704770477047704784
:1006D000004870471C700020704770477047704793
:1006E00038B504460A4600206946AFF3008000286A
:1006F00008BF38BD02460099204600F08BF8012063
:1007000038BD012000F0B8B8F8B5AFF30080054659
:1007100000200C46102000BF0646A819A0420DD9A3
:10072000324669460020AFF30080070008BF00F0A2
:10073000A3F80098A04218BF0546C419FFF7C8FFE8
:1007400005600746F01D20F007004619284600F016
:100750000AF8B44208BFF8BDA21B31463868BDE8AC
:10076000F84000F057B800210160C0E9011070475F
:100770001020704710B500F049F8006810BD10B5A2
:10078000044600F043F8046010BD431A28BF9A42A3
:100790007FF642AF104410F0030F11441EBF11F852
:1007A000013D521E00F8013D10F0030F7FF4F6AF3B
:1007B000103AC0F00A8010B531E91850103A20E91B
:1007C0001850BFF4F9AFBDE81040530724BF31E91A
:1007D000081020E9081044BF51F8043D40F8043DDA
:1007E00012F0030F08BF7047D20728BF31F8023D4F
:1007F00048BF11F8012C28BF20F8023D48BF00F87F
:10080000012C704700487047147000200048704762
:1008100014700020034640688C46002818BF8842A8
:100820003CBF03464068F8D318681844884207D094
:100830000CF1030020F00700001D411A521A014676
:10084000081D0A60FFF7C3BD1FB584B000200A9CD5
:1008500006AB04AA02A90094AFF3008018B1DDE949
:10086000020108B010BD0348204000F040F800200D
:100870000146F6E70000207C10B500F03FF8BDE827
:10088000104000F02FB870477546FFF7BBFFAE462B
:1008900005006946534620F00700854618B020B58C
:1008A000FFF754FDBDE820404FF000064FF0000771
:1008B0004FF000084FF0000B21F00701AC46ACE808
:1008C000C009ACE8C009ACE8C009ACE8C0098D4675
:1008D000704710B50446AFF300802046BDE81040D5
:1008E000FFF7BFBC002801D000F030B8704710B54A
:1008F00000F04CF8BDE81040FFF7F4BF10B5012838
:1009000005D0002103A000F027F8012010BD09A1A7
:10091000F8E7000053494752544D454D3A204F7572
:1009200074206F662068656170206D656D6F7279E7
:10093000000000003A2048656170206D656D6F729F
:100940007920636F727275707465640001491820B4
:10095000ABBEFEE72600020070B505460C460A2035
:1009600000E06D1C00F068F835B128780028F8D157
:1009700002E0641C00F060F814B120780028F8D17F
:10098000BDE870400A2000F057B8000010B50228FA
:1009900003D0410103D50DA112E0002010BD0101DB
:1009A00001D50FA10CE0C10001D511A108E0810023
:1009B00001D512A104E0400001D513A100E00021FF
:1009C00015A0FFF7C9FF012010BD0000496E766138
:1009D0006C6964204F7065726174696F6E0000000D
:1009E000446976696465204279205A65726F000017
:1009F0004F766572666C6F7700000000556E646517
:100A000072666C6F77000000496E657861637420D0
:100A1000526573756C7400005349474650453A203F
:100A200041726974686D6574696320657863657087
:100A300074696F6E3A20000008B569468DF80000B1
:100A40000320ABBE08BD0000B7EE000A80ED000A2F
:100A50009FED040A80ED010A80ED020A80ED030A91
:100A6000704700000000000001221021014801F041
:100A70004FBA00000000024000221021014801F09E
:100A800047BA0000000002407047000001221146F2
:100A9000014801F03DBA000000040240002201219B
:100AA000014801F035BA000000040240704730B53B
:100AB00004464FF47A7502E0284600F004F8641EFC
:100AC000A4B2F9D230BD70B54FF0E02400226569C0
:100AD000A8214843A169A3698B42FCD002D2A1EBB3
:100AE000030102E0A5EB030631440A4419468242A1
:100AF000F1D370BD10B5FFF7C7FFFFF7D7FF06F0C2
:100B00007FFF044607F004F8204310BD2DE9FC41A7
:100B10000746002016460D4600900190FFF7ACFFF7
:100B2000922000F0BDF806226946122000F09AF8E3
:100B3000FFF79AFF9DF801009DF80010000200B237
:100B4000084300EE100A464CB8EEC00AD4ED000A85
:100B500020EE200A85ED000A9DF803009DF80210A2
:100B6000000200B2084300EE100AD4ED000AB8EE0D
:100B7000C00A20EE200A85ED010A9DF805009DF8C7
:100B80000410000200B2084300EE100AB8EEC00ADA
:100B900020EE200A85ED020AFFF780FF0822694651
:100BA000002000F05FF8FFF771FF9DF800000F28AC
:100BB00030D19DF803009DF80210000200B20843F6
:100BC00000EE100AD4ED010AB8EEC00A20EE200AA9
:100BD00087ED000A9DF805009DF80410000200B2A0
:100BE000084300EE100AD4ED010AB8EEC00A20EE68
:100BF000200A87ED010A9DF807009DF80610000203
:100C000000B2084300EE100AB8EEC00A20EE200A37
:100C100087ED020AFFF730FFA22000F041F8022220
:100C20006946222000F01EF8FFF71EFF9DF8000025
:100C30009DF80110C00040EA5110B0F5806F01DB53
:100C4000A0F5006000EE100AB4EE001AF8EEC00A3B
:100C5000B3EE070A00EE810A86ED000ABDE8FC81CA
:100C6000F001002070B514460D4640F0800000F001
:100C700017F806E0552000F013F8641E05F8010B84
:100C8000E4B2002CF6D170BD10B50C4640F08000E7
:100C900000F006F8552000F003F8207010BD0000A9
:100CA00001B582B04FF47A700090012301AA02A925
:100CB000024802F0E1FA9DF804000EBDEC040020A9
:100CC00010B50C46FFF7ECFF2046BDE81040FFF7DB
:100CD000E7BFFEE710B5054802F04CFC08210348C9
:100CE00002F0A6FEBDE8104006F080BF040600201A
:100CF000014800F09EBB00009C040020014800F069
:100D000098BB00009C040020014800F092BB00004A
:100D10009C040020014800F08CBB0000C4040020AB
:100D2000014800F086BB0000C404002000B587B075
:100D30004FF4007200920022029203920422049265
:100D4000064A030A13705070080A9070D17006ABFF
:100D50006946034800F00EFA07B000BDDC01002030
:100D6000C404002000B587B040F2FF1100910021BB
:100D700002910391022104910549020A06AB0A700F
:100D800048700A466946034800F0F4F907B000BD10
:100D9000D8010020C404002000B587B040F2FF2134
:100DA0000091002102910391022104910549020A58
:100DB00006AB0A7048700A466946034800F0DAF943
:100DC00007B000BDDA0100209C040020002070471D
:100DD0000020704710B500220449054804F0B4FF14
:100DE0000449034804F0A3FF002010BDC0150020F3
:100DF00080080020C00D002010B50A4609681B4C71
:100E0000FF2908D8002103E0435C6354491C89B2E0
:100E100013688B42F8D80146154804F088FF14483F
:100E200004F05EFF134822780270E17B4170FF2AD4
:100E300009D10D2907D161788170D4F80210416081
:100E4000D4F80610816090ED010AB5EEC00AF1EE0B
:100E500010FA09D090ED020AB5EEC00AF1EE10FAD0
:100E600002D0032006F006FF002010BD5C0D00201C
:100E700080080020E06F002000207047094A10B56C
:100E8000D2F8BC22D2F814220AB1012010BD0A46C1
:100E90000146044804F058FFBDE81040014804F042
:100EA000CDBF00008008002070B50C480C4C807B42
:100EB00020B12078401C00F001002070207800252F
:100EC00010B1012806D070BD0126A670062008F0DA
:100ED00047FA08B1A57070BDA67070BD106B0020F8
:100EE000BE010020014800F0CFBD0000180700201F
:100EF000014800F0C9BD000078070020014800F05B
:100F0000C3BD000044050020014800F0BDBD000045
:100F1000A4050020014800F0B7BD0000D80700205C
:100F200001681823CAB2103AB2FBF3F2054B6FF313
:100F30000901032A9B5CC36500D9091D8165084628
:100F400070470000A4A6000810B5014600208B6978
:100F50008A6A4FF0C07453B1B3F5005F15D072B117
:100F6000012A0CD0022A0AD0032A09D104E01AB1BE
:100F7000012A06D0022A03D1C96AC90100D501207D
:100F800010BDC96AA142FAD010BD002AF7D0012ACB
:100F9000F2D0022AF3D0032AF3D010BD704772B604
:100FA000FEE7000010B5054C04E000BF10F8013B5F
:100FB0005340E25C491EF9D2104610BD8CA70008D0
:100FC0002DE9F0415B495C4E8EB00978002929D0AB
:100FD0005A4AB2F8922400BFADF80420B6F90420B2
:100FE00002F5257200EE102AF8EEC00AB3EE040AEC
:100FF00080EE801AFCEEC10A10EE902AD5B2B6F946
:10100000062002F5257200EE902AF8EEE00A80EE46
:10101000801ABCEEC10A10EE102AD4B204D140F0FE
:10102000010005E0B28AD7E700F0FE00012908D0F0
:1010300000F0FD07002008F093F928B147F00407FD
:1010400004E040F00207F5E707F0FB07062008F090
:1010500087F910B147F0080101E007F0F701F27AD3
:10106000B37A374E374896F87A71032F07780BD04A
:1010700007F0FE070770344F97F84C75002F07787C
:1010800005D047F0020704E047F00107F2E707F058
:10109000FD07077096F87C61012EFEB20BD006F0BA
:1010A000FB0606704778F6B247B106F0F706067001
:1010B000012F3BD005E046F00406F2E746F00806B3
:1010C000067006F0EF0606708DF80850F0B28DF845
:1010D00009408DF80C308DF80D00BDF804008DF836
:1010E0000A10ADF80E0008248DF80B20DFF85C80A4
:1010F00040F2111702AE2046FFF73AF905460020EC
:10110000CDE9080405970790315C2954401CC0B212
:10111000A042F9D30CAB2A4605A9404600F02AF8B4
:101120002846FFF754F90EB0BDE8F08146F01006EE
:10113000C9E70000C0010020B06A0020386B002021
:101140000C690020CC010020FC6200209C040020DF
:1011500090F82020012A07D0022A05D0416A41F4E4
:101160008021416201207047006842690A43426160
:1011700000207047F0B590F820500468A468012D55
:1011800005D0022D03D0416A41F4802153E014F0D0
:10119000406F01D1E5004BD5C4F30164022C03D9A3
:1011A000416A41F4000146E00125A5401D608D68BB
:1011B0004FF4C0739DB1CE6835434E6845EAC6050D
:1011C000066803EB0417F5514FF4C275076805EB89
:1011D00004150E697E51097D012905D009E00E88AC
:1011E000CD6845EA4655EBE701684E5946F48076EE
:1011F0004E511179D2F805504FF4C67641EA0525D3
:10120000016806EB04168D511178D2F801204FF4D5
:10121000C47541EA0221026805EB041551510068CA
:1012200003EB0411425842F0010242500020F0BD8D
:10123000416A41F4001141620120F0BD10B590F8FF
:101240002020012A07D0022A05D0416A41F48021DA
:101250004162012010BD3B48D0F8002242F001025B
:10126000C0F80022D0F8002222F47C52C0F80022FC
:10127000D0F800224B6A42EA0322C0F800220A7D1D
:1012800002F01F0301229A40D0F81C329343C0F8A9
:101290001C32CB69B3B9D0F80C329343C0F80C328E
:1012A0008C894B6864F31F434C6900EBC404C4F899
:1012B00040320C890B6864F31F434C6900EBC40493
:1012C000C4F84432CB69012B16D1D0F80C32134349
:1012D000C0F80C320C884B6864F31F434C6900EB78
:1012E000C404C4F840320C89CB6864F31F434C69D2
:1012F00000EBC404C4F844328B69002BD0F80432EC
:101300000ED01343C0F804320B69002BD0F814320E
:1013100008D01343C0F81432096A012904D008E048
:101320009343EFE79343F5E7D0F81C121143C0F85D
:101330001C12D0F8001221F00101C0F800120020A8
:1013400010BD000000640040704730B590F82040A8
:10135000012C05D0022C03D0416A41F480215DE0CC
:101360000468002955D02469A40754D04FF4D874D8
:10137000056804EB01142D5915F004059560056806
:101380002D594ED0ED08556005682C5904F0020423
:10139000D4604FF4DA74056804EB01142D5905F09C
:1013A0000F05156105682D59C5F307259561056879
:1013B0002C59240C54614FF4DC72046802EB0112C6
:1013C000A4581C700468A458240A5C700468A458CB
:1013D000240C9C700468A258120EDA704FF4DE726E
:1013E000046802EB0112A4581C710468A458240A72
:1013F0005C710468A458240C9C710468A258120EF5
:10140000DA71006881B1016941F0200101610020B9
:1014100030BDE468A8E7416A41F40011416201204F
:1014200030BD6D0D1560AFE7C16841F02001C160AE
:10143000EDE72DE9F05F0546006800244669D0F825
:1014400004908768D0F80CB0D0F810A0D0F81880BD
:10145000F10748D0F90714D001218160B80703D5FE
:10146000284600F0B0FA0CE0780702D54FF400648B
:1014700007E0380702D54FF4805402E0284600F018
:10148000A1FAF80516D529684FF480708860B80570
:1014900003D5284600F099FA0CE0780502D544F40B
:1014A000005407E0380502D544F4804402E02846A1
:1014B00000F08AFAF80316D529684FF48030886066
:1014C000B80303D5284600F082FA0CE0780302D571
:1014D00044F4004407E0380302D544F4803402E0C9
:1014E000284600F073FA300707D55FEACB6004D5D1
:1014F0002968102044F40074C86070074FF0080792
:1015000007D55FEA0B7004D52868C760284600F04D
:10151000B1F9B00706D52868C068800702D0284610
:1015200000F0AAF9700607D55FEACA6004D52968F9
:10153000102044F480640861B00607D55FEA0A70A1
:1015400004D528680761284600F00CFAF00606D595
:1015500028680069800702D0284600F004FAB0032A
:1015600008D55FEAC96005D529681020486028467B
:1015700000F0FAF9F00307D55FEA097004D528688E
:101580004760284600F024FA300446D55FEA4970E7
:1015900040D5F00504D55FEAC87001D044F00104DD
:1015A000B00504D55FEA887001D544F002047005E7
:1015B00004D55FEA487001D544F00404300529D50C
:1015C00018F0700F26D008F07000402815D006DC07
:1015D000102809D020280AD0302816D10AE0502837
:1015E0000ED0602811D10EE044F008040DE044F064
:1015F00010040AE044F0200407E044F0400404E052
:1016000044F0800401E044F480742868816921F08A
:1016100070018161296804204860002C05D0686A47
:10162000204368622846FFF78FFEBDE8F09F70B543
:10163000040003D094F8200010B104E0012070BD34
:10164000204600F081F82068016841F00101016046
:1016500000F064FC0546052604E000F05FFC401B3A
:101660000A2811D820684068C007F6D020680168B1
:1016700021F00201016000F051FC05460BE000F092
:101680004DFC401B0A2806D9606A40F400306062B5
:1016900084F82060D2E7206840688007EFD4207E7D
:1016A0000128206801683DD021F080010160607E42
:1016B00001282068016838D021F040010160A07E37
:1016C00001282068016833D021F020010160E07E0C
:1016D0000128206801682ED041F010010160207FB0
:1016E00001282068016829D021F008010160607F8D
:1016F00001282068016824D021F004010160D4E9A8
:1017000002010843D4E90412114308436168491EE9
:1017100008432168C86100206062012084F820002D
:10172000002070BD41F08001C0E741F04001C5E7F5
:1017300041F02001CAE721F01001CFE741F0080194
:10174000D4E741F00401D9E7F0B587B0044614218D
:101750006846FEF793FF424B4248DFF800E1196804
:10176000D4F800C03F4A0325022609271030002480
:10177000491CF44532D11960012907D1016841F0B3
:1017800000710160006800F000700590106840F082
:10179000080010601068CDE9005600F00800CDE99F
:1017A000047069463048CDE9024500F0B9FA0022DC
:1017B0000521132000F050FC132000F03FFC002214
:1017C0000521142000F048FC142000F037FC002212
:1017D0000521152000F040FC15203AE0DFF88CE0F0
:1017E000F44538D1D0F800C04CF0806CC0F800C08F
:1017F000D0F800C001290CF0806CCDF814C019603D
:1018000007D1016841F000710160006800F00070CC
:101810000590106840F002001060106802AB00F004
:10182000020005906020CDE9000683E8B00069461B
:101830000F4800F075FA00220521402000F00CFC52
:10184000402000F0FBFB00220521412000F004FCB9
:10185000412000F0F3FB07B0F0BD00000064004041
:101860001C00002030380240000C0240006800409C
:10187000000402407047000000B5006833498FB093
:10188000884241D1324B6A4600213248FFF75DFD64
:10189000009A2F493048A2F50072013A13D0012A6C
:1018A00023D0042A1FD10A38028802810A8852BA3A
:1018B00002804A8852BA42808A8852BA82808979E4
:1018C000817102200DE0028802810A8852BA0280EA
:1018D0004A8852BA42808A8852BA82808979817154
:1018E000042006F0C7F90FB000BD428942820A8881
:1018F00052BA42814A8852BA82818A8852BAC281D7
:10190000897901740520ECE714498842EBD1104B2A
:1019100007AADB1F00211248FFF717FD0798A0F563
:1019200000700938DFD10C4814380188018108495A
:10193000C91F0A8852BA02804A8852BA42808A88ED
:1019400052BA8280897981710120CAE7006800401B
:10195000E7010020C4040020007000200064004063
:101960009C040020704770477047000070B5044623
:1019700090F82000012804D0606A40F400206062E2
:1019800018E0022084F820002068016821F001019D
:10199000016000F0C3FA05460EE000BF00F0BEFA99
:1019A000401B0A2808D9606A40F4003060620520B4
:1019B00084F82000012070BD20684068C007EDD188
:1019C000606270BD704770477047704770477047DE
:1019D00070472DE9F0410446876D00F09FFA0646F6
:1019E00094F835000025022806D08020606584F830
:1019F00034500120BDE8F0812068016821F0160113
:101A000001602068416921F080014161206C08B9C2
:101A1000A06C20B12068016821F0080101602068F5
:101A2000016821F0010101600CE000F077FA801BF1
:101A3000052807D920206065032084F8350084F844
:101A40003450D7E720680068C007EED194F85C10E6
:101A50003F208840B860012084F8350084F8345075
:101A60000020C7E790F83510022903D08021416596
:101A700001207047052180F835100068016821F0C9
:101A800001010160002070472DE9F84304464FF042
:101A90000009CDF8009063484FF41651A56D006819
:101AA000B0FBF1F72E6894F85C10082000FA01F101
:101AB00031420FD021680A6852070BD50A6822F01C
:101AC00004020A6094F85C108840A860606D40F0E1
:101AD0000100606594F85C104FF0010808FA01F00D
:101AE000304208D021684969090604D5A860606DB4
:101AF00040F00200606594F85C1004208840304299
:101B000008D021680968890704D5A860606D40F095
:101B10000400606594F85C1010208840304218D0B2
:101B200021680968090714D5A8602068016849037D
:101B300004D50068000308D5A16C07E00168C90559
:101B400003D4016821F008010160216C09B120462D
:101B5000884794F85C1020208840304231D02168BA
:101B60000968C9062DD5A86094F8350005282068B5
:101B7000016806D0490347D5006800031DD4616C95
:101B80001CE021F0160101602068416921F080010C
:101B90004161206C08B9A06C20B12068016821F077
:101BA0000801016094F85C103F208840A86084F828
:101BB000358084F83490216D1FE0E16B09B1204637
:101BC0008847606D00282BD0606DC00714D00520B9
:101BD00084F835002068016821F001010160009857
:101BE000401C0090B84203D820680068C007F6D1B6
:101BF00084F8358084F83490E16C002910D001B06D
:101C00002046BDE8F04308470168C905D5D40168FE
:101C100021F01001016084F8358084F83490CCE71D
:101C2000BDE8F883900000202DE9F041044600F063
:101C300075F906465CB1022084F83500002584F869
:101C400034502068016821F0010101600DE001209D
:101C5000BDE8F08100F062F9801B052805D920203D
:101C60006065032084F83500F2E720680068C0074B
:101C7000F0D12268116820480140D4E901031843DB
:101C8000D4E903363343184363691843A3691843FF
:101C9000E3691843236A18430843616A042903D19E
:101CA000D4E90B1319430843106020684069666A41
:101CB00020F0070130460E43012704280CD1A06A0A
:101CC0000643E06A40B12046FFF73EF920B14020CC
:101CD000606584F83570BAE7206846612046FFF7F2
:101CE0001FF994F85C203F2191408160656584F87C
:101CF00035700020ACE700003F8010F070B504465E
:101D000000F00CF90546601C02D004480078044439
:101D100000F004F9401BA042FAD370BD84000020FB
:101D20002DE9F84FDFF8BCA10022012503264FF072
:101D30000F090AF1040BAAF1040E00BF0B6805FAA3
:101D400002F42340A34270D10F7907F00307012F5B
:101D500001D0022F16D187684FEA420806FA08FC24
:101D600027EA0C07D1F80CC00CFA08FC4CEA070C67
:101D7000C0F808C04768A7430C79C4F30014944026
:101D80003C4344600C79E443A4070AD0C4684FEA9A
:101D9000420C06FA0CF7BC438F6807FA0CF727438E
:101DA000C7600C7904F00304022C12D1D40800EBB4
:101DB000840CDCF820405707FF0E09FA07F824EAE4
:101DC0000804D1F8108008FA07F848EA0408CCF8AB
:101DD000208004684FEA420C06FA0CF7BC430F79E6
:101DE00007F0030707FA0CF7274307604C6814F461
:101DF000403F70D03C4C276847F4804727602468F8
:101E000022F0030704F480440094384C07EB040CE0
:101E1000DCF8084897074FEA177809FA08F7BC4337
:101E2000334FB84202D1002724E054E0314FB8428A
:101E300001D101271EE0304FB84201D1022719E03D
:101E40002E4FB84201D1032714E02D4FB84201D1E3
:101E500004270FE02B4FB84201D105270AE02A4F93
:101E6000B84201D1062705E0284FB84201D1072723
:101E700000E0082707FA08F72743CCF80878DAF8D3
:101E800000405746D1F804C09C435FEACC2C00D5F3
:101E90001C433C60DBF800405F46D1F804C09C4323
:101EA0005FEA8C2C00D51C433C60DEF8004077468E
:101EB000D1F804C09C435FEA8C3C00D51C433C60D5
:101EC000084F083F3C68D1F804C09C435FEACC3C13
:101ED00000D51C433C60521C102AFFF42FAFBDE814
:101EE000F88F0000083C01404438024000300140B7
:101EF000000002400004024000080240000C0240C2
:101F0000001002400014024000180240001C024071
:101F10000AB1816170470904FBE70000014880684D
:101F20007047000084000020024881680278114454
:101F300081607047840000200B4810B5016841F4AF
:101F400000710160016841F480610160016841F441
:101F500080710160032000F09FF80F2000F006F868
:101F600000F050F8002010BD003C024030B505469E
:101F70001F4887B00024016841F008010160006833
:101F800006A900F00800009001A800F06BFE04987C
:101F9000A8B100F08DFE40001649174AB0FBF1F1E0
:101FA0001648491E026040F2E732C0E90324C0E946
:101FB0000114846101F09CFA040003D015E000F0E4
:101FC00077FEE9E70D4801F011FB04000DD1322046
:101FD00000F034F8102D07D200222946322000F0FC
:101FE0003BF80748056000E0012407B0204630BDFB
:101FF0004038024040420F00000C004038080020EA
:10200000880000200C4882B0016841F480410160E2
:10201000006800F4804000900748001F016841F00C
:10202000805101600068002200F0805000900F2174
:10203000901E02B000F010B844380240002809DBBE
:1020400000F01F02012191404009800000F1E020D2
:10205000C0F8001170470000F0B40E4B1B680C462E
:10206000C3F30223C3F10705042D00D90425191D6C
:10207000072901D2002300E0DB1E012606FA05F144
:10208000491E214099409E40761E16403143F0BCC7
:1020900005F0B9BA0CED00E0064900F00702086847
:1020A0004FF6FF03184040EA0220034A104308603D
:1020B000704700000CED00E00000FA057047006872
:1020C000416200207047F0B50368586A39B19C6AD4
:1020D0004FF4827600EB144400204D1E0AE040EAE3
:1020E000024098620FE006EB8007DF59401C04EBCA
:1020F0001744C0B2A842F6D344EA02404FF48072BB
:1021000002EB810158500020F0BDD0F8080504F022
:102110001BB901EBC10200EB8202D0F80805D26CBA
:1021200004F070B801EBC10200EB8202D0F80805A0
:10213000D2F88C2204F0C1B8D0F8080504F006B932
:102140000A0601F00F0101EBC10100EB810101D58D
:102150003C3101E001F51F71006805F061B870B510
:1021600004460B0601F00F0000EBC00104EB8101F7
:102170004FF001024FF0000503D581F83D203C31BE
:1021800003E081F87D5201F51F71087094F8BC04DA
:10219000012808D084F8BC24206804F0FBFC84F8F3
:1021A000BC54002070BD022070BD70B5044601F023
:1021B0000F006268904201D9012070BD0B0601F04A
:1021C0000F0101EBC10104EB81014FF001024FF05F
:1021D000000503D581F83D203C3103E081F87D52B4
:1021E00001F51F718D70087094F8BC04012808D0A7
:1021F00084F8BC24206804F0C9FE84F8BC54002094
:1022000070BD022070BD01F00F0101EBC10100EBB8
:102210008100D0F89C0270472DE9F04104460F067A
:1022200001F00F0000EBC00104EB81014FF001064B
:102230004FF0000503D581F83D603C3103E081F8A3
:102240007D5201F51F710870CA600B714A7802B1A6
:102250000881022B00D14D7194F8BC04012809D0EB
:1022600084F8BC64206804F0C7FB284684F8BC549A
:10227000BDE8F0810220FBE770B50C4601F00F05C8
:1022800005EBC50100EB8101C1F89432C1F88C2245
:102290000023C1F89C3281F87D3281F87C520369B9
:1022A00001F51F71012B00D14A612207027C0068F1
:1022B00003D004F0C3FE002070BD04F0ADFDFAE7CA
:1022C00070B504460D4601F00F006168884201D9DF
:1022D000012070BD29064FF000064FF0010207D51E
:1022E00000EBC00104EB810181F83D203C3107E0A7
:1022F00005EBC50104EB810181F87D6201F51F71D9
:102300008A70087094F8BC04012807D084F8BC24B3
:10231000206804F067FE280702D007E0022070BDA5
:10232000217C04F2C442206804F004FE84F8BC64FA
:10233000002070BD70B50C4601F00F0505EBC5011E
:1023400000EB81014B65CA640023CB65012381F852
:102350003D3001F83C5F0369012B00D14A6122073F
:10236000027C006803D004F069FE002070BD04F018
:1023700053FDFAE72DE9FC5F05680446284604F0A2
:10238000F0FF00287DD1206805F017F8002878D0EC
:10239000D5F80808C0F30D20C4F8FC04206805F047
:1023A0000CF8800704D52068416901F00201416101
:1023B000206805F002F8C10604F2C440009034D54C
:1023C0002068816921F0100181612F6A07F00F00F8
:1023D00000EBC00004EB8006C7F3434006F51F7610
:1023E000022802D0062811D01AE047F6F070074202
:1023F00016D0C7F30A1217462846316904F0E1FFE8
:10240000306938443061306A384408E00822284690
:10241000009904F0D6FF306AC7F30A11084430620D
:102420002068816941F010018161206804F0C5FFD6
:1024300000034FF0080B4FF0000A4FF001097CD564
:102440000026206804F098FF074674E0F80770D073
:10245000F1B2206804F0A9FF8046C00707D005EB61
:102460004611C1F8089B3146204602F0DDFB5FEAC9
:10247000087024D505EB4611C1F808BB2068016C33
:1024800000E025E200EB46100191D0F8082BFC4B50
:10249000994205D9110403D54FF40041C0F8081B37
:1024A000204600F005FBF6490198884207D92069CB
:1024B000012804D120680121009A04F03BFD5FEA65
:1024C000C86004D505EB46111020C1F8080B5FEA7F
:1024D00088701DD56869000605D5D5F8040840F454
:1024E0008061C5F8041806EBC60004EB800090F884
:1024F0007F1200F51F70012905D180F803A0F1B209
:10250000204600F0EBF905EB46110220C1F8080B5C
:102510005FEA886004D505EB46102021C0F8081B4F
:102520005FEA884005D505EB46104FF40051C0F82E
:10253000081B7F08761C002F88D1206804F03DFF1F
:1025400040036FD5206804F010FF0746002667E0BF
:10255000F80763D0F1B2206804F015FF8046C00789
:1025600023D006F00F0209FA02F0D5F8342882438E
:10257000C5F8342805EB4610C0F8089920690128F1
:102580000FD106EBC60004EB8000D0E91221114404
:10259000C16436B9606D20B920680121009A04F049
:1025A000C9FCF1B22046FFF7B4FD5FEA087003D51D
:1025B00005EB4611C1F808B95FEAC86004D505EB20
:1025C00046111020C1F808095FEA486004D505EB00
:1025D00046104021C0F808195FEA887017D53146C7
:1025E000284604F091FE06EBC60004EB800090F84C
:1025F0003F103C30012905D180F803A0F1B22046FC
:1026000000F068F905EB46110220C1F808095FEAFD
:10261000086003D53146204602F06CFB7F08761C2B
:10262000002F95D1206804F0C8FE002811DAD5F8F3
:10263000040820F00101C5F8041894F8F4040128F6
:102640002BD0204600F018FA2068416901F00041C3
:102650004161206804F0B1FE00050BD5D5F80808EB
:10266000C00702D0204600F04BFA2068416901F40F
:1026700000614161206804F0A0FEC00466D5D5F871
:10268000040820F00100C5F804081021206804F0B7
:102690003BFE00214FF67F321FE084F8F4A40021B6
:1026A0002046FFF70BFDCFE705EB4110C0F80829E6
:1026B000D0F8003923F40013C0F80039C0F8082B13
:1026C000D0F8003B23F40013C0F8003BD0F8003BE7
:1026D00043F00063C0F8003B491C60688842E3D8BF
:1026E000D5F81C0840F00111C5F81C18206B002813
:1026F00028460DD0D0F8840840F00B01C5F88418A6
:10270000D5F8440840F00B012846C5F844180DE000
:10271000D0F8140842F22B010843C5F81408D5F884
:10272000100840F00B012846C5F81018D0F8000832
:1027300020F4FE61C5F80018217C2068009A04F09E
:10274000F9FB2068416901F480514161206804F07F
:1027500034FE800415D5206804F08EF9206804F05A
:10276000F3FDE06000F09EFA0146227B206804F051
:1027700087FE204600F06AF92068416901F40051A3
:102780004161206804F019FE000707D5204600F0DB
:1027900077F92068416901F008014161206804F07F
:1027A0000CFE000616D5A86920F08000A86101265D
:1027B0000DE000BF06EBC60004EB800090F87F023E
:1027C000012803D1F1B22046FFF7BAFC761C6068FD
:1027D000B042EFD8206804F0F0FDC00221D50126F8
:1027E0004F4616E005EB4610D0F8001906EBC60080
:1027F00004EB800090F84020012A09D1002907DA73
:1028000080F83F70F0B240F080012046FFF798FC5E
:10281000761C6068B042E5D82068416901F48011F7
:102820004161206804F0C9FD800234D501204B4687
:1028300029E000BF05EB4011D1F8001B00EBC002FE
:1028400004EB820696F88022012A1BD1002919DAAE
:1028500094F8FC2401F4803102F00102914211D17C
:1028600086F87F32A96941F08002AA616969090688
:1028700008D4D5F8040840F40070C5F8040805E051
:102880000A30544F401C61688142D3D820684169A6
:1028900001F400114161206804F08FFD400007D56C
:1028A0002046FFF732FC2068416901F08041416118
:1028B000206804F082FD40070AD520684568680753
:1028C00002D52046FFF738FC206841682943416063
:1028D000BDE8FC9FD0F8080503F08CBDD0F80805D2
:1028E00003F09CBD2DE9F0418AB0040005D094F8B6
:1028F000BD042668002520B108E001200AB0BDE82B
:10290000F08184F8BC54204600F05EF8032084F87F
:10291000BD04F06BC00500D42561206804F076FA90
:1029200004F11001282288466846FDF775FE94E8F8
:102930000F0004F0D5F80226C8BB0021206804F07F
:102940005FFD002001270EE000EBC00104EB8101D8
:1029500081F83D7001F83C0F08810D71CD600D616B
:10296000401CC0B28D6161688142EDD8002011E049
:1029700000EBC00104EB810181F87D5281F87C02FB
:1029800081F88052C1F88852C1F88C52401CC0B204
:10299000C1F8945261688142EAD8282241466846CB
:1029A000FDF73AFE94E80F0004F076F910B184F8D0
:1029B000BD64A2E784F8385084F8BD74206804F040
:1029C0005DF900209AE7000010B586B00446142196
:1029D0006846FDF753FE2068B0F1A04F2FD119488B
:1029E0000021026842F001020260006800F001006C
:1029F00005904FF4C05000900220CDE90101032062
:102A000003900A20049069460F48FFF789F90D48A2
:102A1000001D016841F0800101600A48143001681E
:102A200041F4804101600068002200F4804005907C
:102A300005214320FFF710FB4320FFF7FFFA06B004
:102A400010BD0000303802400000024070B504465E
:102A5000C068012570B1022801D0FEF7A0FA29460E
:102A6000D4F8080503F048FDD4F80805BDE8704027
:102A700003F0FDBC0025F2E7D0F8080503F025BD02
:102A8000D0F8080503F02BBD10B5044690F8BC043F
:102A900001280BD0012084F8BC0484F83810206889
:102AA00004F0DCFC002084F8BC0410BD022010BD42
:102AB000D0F8082500F2C441104603F029BD10B536
:102AC0000446006894F8BC14012906D0012184F85A
:102AD000BC14A16A012902D008E0022010BDA1693E
:102AE000012903D0816B41F480318163206804F0B7
:102AF000E6FB206804F0B4F8002084F8BC0410BDA4
:102B000010B50446D0F8080503F044FD2068D0F85D
:102B1000001E41F00101C0F8001E206A002804D008
:102B20000248016841F00601016010BD10ED00E0AF
:102B30002DE9F0470E46050065D0DFF81481D8F87E
:102B40000000F7B200F00700B04207D288F800702A
:102B5000D8F8000000F00700B04254D128683D4C7E
:102B6000810712D5400703D5206840F4E05020606B
:102B70002878000703D5206840F460402060206872
:102B8000A96820F0F000084320602878C0072DD005
:102B9000304968680839012812D0022813D0032868
:102BA00011D00968890700292DDA216821F0030175
:102BB00001432160FFF7B2F9814641F2883A0EE005
:102BC00009688903EFE709688901ECE7FFF7A6F9CF
:102BD000A0EB0901514502D90320BDE8F087206828
:102BE000696800F00C00B0EB810FEFD1D8F800104D
:102BF000404601F00701B14207D90770006800F0B4
:102C00000700B04201D00120E7E72878400705D54A
:102C10002068E96820F4E050084320602878000725
:102C200006D52068296920F4604040EAC100206090
:102C300000F05EF82168084AC1F30311515CC840F6
:102C40000649086006480068FFF790F90020C4E7CD
:102C5000003C024008380240ACA60008900000206A
:102C6000880000200F2202600C4A136803F003035F
:102C70004360136803F0F0038360136803F4E053C8
:102C8000C36012684FF4E05303EAD20202610448C1
:102C9000006800F007000860704700000838024034
:102CA000003C02400148006870470000900000208E
:102CB0000448054900680968044AC1F38221515C4F
:102CC000C84070479000002008380240BCA60008A9
:102CD0000448054900680968044AC1F34231515C5F
:102CE000C84070479000002008380240BCA6000889
:102CF000154810B5006810F00C02144813D01449A0
:102D0000042A0FD0082A0ED10F4C241F22682368F2
:102D100002F03F025B0207D52068C0F38810A0FBD9
:102D2000010106E0084610BD2168C1F38811A1FB2E
:102D300000010023FDF772FB2168C1F30141491C2A
:102D40004900B0FBF1F010BD083802400024F40047
:102D5000001BB7002DE9F84F04006ED02078DFF893
:102D60004C93C007A9F104054AD009F10400016899
:102D7000C1F38101012908D00068C0F38100022855
:102D80000AD1D9F80000400206D52868800337D55B
:102D900060680028E1D033E06068B0F5803F10D073
:102DA000B0F5A02F286810D020F480302860286863
:102DB00020F4802028606068A8B1FFF7AFF80646CD
:102DC0000DE0286840F48030F4E740F4802028606B
:102DD000F7E700BFFFF7A2F8801B642873D82868C4
:102DE0008003F7D50CE0FFF799F8064605E000BF31
:102DF000FFF794F8801B6428F0D828688003F7D484
:102E00002078DFF8AC8280074FF0000A3ED5A74853
:102E1000001D016811F00C0F08D00068C0F381009C
:102E200002280BD1D9F80000400207D42868800797
:102E300016D5E068012800D112E033E1E068B8B1AE
:102E40000120C8F80000FFF769F8064605E000BF5A
:102E5000FFF764F8801B0228C0D828688007F7D5E0
:102E60002868216920F0F80040EAC10028600DE0E0
:102E7000C8F800A0FFF752F8064604E0FFF74EF846
:102E8000801B02281FD828688007F7D42078000705
:102E900022D5864F87486169703771B10121016081
:102EA000FFF73CF8064604E0FFF738F8801B0228DD
:102EB00009D838688007F7D50EE0C0F800A0FFF702
:102EC0002DF8064605E082E0FFF728F8801B02286F
:102ED0007DD838688007F7D42078400768D5DFF8B8
:102EE000CCB100270BF13C0BDBF80000C0000BD489
:102EF000DBF8001041F08051CBF80010DBF8000047
:102F0000012700F0805000906B4E3068C00510D44F
:102F1000306840F480703060FFF700F8009005E002
:102F2000FEF7FCFF0099401A022850D83068C0050F
:102F3000F6D55E4EA0686C3601280FD005283068A3
:102F400010D020F001003060306820F004003060C4
:102F5000A068B8B1FEF7E2FF00900FE0306840F0E3
:102F60000100F4E740F004003060F7E7FEF7D6FF19
:102F70000099411A41F28830814266D83068800752
:102F8000F4D50EE0FEF7CAFF009007E0FEF7C6FF9B
:102F90000099411A41F28830814256D83068800742
:102FA000F4D42FB1DBF8001021F08051CBF80010E1
:102FB000A069C8B33D49091D0968C1F3810102290F
:102FC0004AD00228504607D0C8F8600000E03CE034
:102FD000FEF7A4FF04463BE04746C8F86000FEF752
:102FE0009DFF064605E000BFFEF798FF801B022804
:102FF0002BD828688001F7D4D4E907010843A16AD7
:103000002E4A490802EB0141626A41EA82110843F3
:1030100094F82C1040EA0161C9F8001001203866CC
:10302000FEF77CFF044606E03EE000BFFEF776FFB9
:10303000001B022809D828688001F7D534E000BFBA
:10304000FEF76CFF001B022802D90320BDE8F88FB1
:1030500028688001F4D427E00128F7D0D9F80000CF
:10306000E26900F4800191421CD1226A00F03F0124
:10307000914217D147F6C071626A0140B1EB821FDD
:1030800010D1A26A4FF0FF3300F4403103EB52023B
:10309000B1EB024F06D194F82C1000F07060B0EB49
:1030A000016F01D00120D1E70020CFE704380240B2
:1030B00000004742800E4742007000400000FFFFC2
:1030C00070B5040009D0606A002540B125616561D2
:1030D000A56294F8510040B10CE0012070BD606819
:1030E000B0F5827FF4D0E561F2E784F850502046D5
:1030F00000F044F8022084F851002068016821F0B3
:1031000040010160A088218900F4827001F404412B
:103110000843A18901F400610843217C01F0020108
:103120000843217D01F001010843218B01F4007166
:103130000843217F01F03801084394F8201001F082
:1031400080010843218D01F4005108432168086083
:10315000A069042101EA104094F8241001F0100144
:103160000843216848602068C16921F40061C16199
:103170006565012084F85100002070BD2DE9F04103
:1031800086B0064614216846FDF778FA344930685F
:10319000884262D133480024016841F480510160C3
:1031A000006800F4805005902E481438016841F002
:1031B00002010160016801F002010591016841F01E
:1031C000010101600068022500F00100059018204F
:1031D000CDE9000502AA03274FF0050882E8900117
:1031E00069462148FEF79CFD8020CDE9000502AA32
:1031F000694682E890011D48FEF792FD1D4D1C486E
:103200007F062860C5E901744FF48068C5E903486A
:103210006C61AC61EC612C6228466C62FEF704FDC7
:1032200008B1FDF7BCFEF564AE63124D1048603581
:103230001830E5E802074020A5E811010D4845F8DF
:1032400014496030AC61EC612C626C62FEF7ECFCFE
:1032500008B1FDF7A4FEB564AE6306B0BDE8F08129
:1032600000300140443802400004024000000240A7
:1032700040640240440500202DE9F84F044690F8D0
:10328000500000270A9E1D4692468B464FF00109CA
:1032900001280ED0012084F85000FEF73FFE804642
:1032A00094F85100616801280CD0B1F5827F07D1F4
:1032B00002E00220BDE8F88FA16809B9042801D016
:1032C0000227C2E0BBF1000F27D0BAF1000F24D0D3
:1032D0001DB394F85100042802D0052084F8510051
:1032E00000206065C4F838A0E587A587C4F830B031
:1032F000E586A5862064606420680168490603D4D9
:10330000016841F040010160E068B0F5006F60685D
:1033100005D0E8B3012D46D07FE0012795E008B144
:10332000012D39D1206B21680088C860206B801C7A
:103330002063E08E401EE0862EE0206881688907C9
:103340000FD5E18E69B1B9F1010F0AD1216B09885E
:10335000C160206B801C2063E08E401EE0864FF031
:10336000000920688168C9070CD0E18F51B1C0689D
:10337000A16B0880A06B801CA063E08F401EE087DB
:103380004FF00109FEF7CAFDA0EB0800B04200E0D3
:1033900009E001D3701C50D1E08E0028CDD1E08F20
:1033A0000028CAD13FE0206B216800780873206BA9
:1033B000401C2063E08E401EE0862EE0206881687D
:1033C00089070FD5E18E69B1B9F1010F0AD1216BDF
:1033D00009780173206B401C2063E08E401EE0865C
:1033E0004FF0000920688168C9070CD0E18F51B106
:1033F000C068A16B0870A06B401CA063E08F401EEA
:10340000E0874FF00109FEF789FDA0EB0800B0420C
:1034100002D3701C01D010E07EB1E08E0028CDD127
:10342000E08F0028CAD142463146204601F048FECE
:1034300028B101272020606507E0032705E0A06888
:1034400018B92068C16880680090012084F8510094
:10345000002084F8500038462CE770477047000081
:1034600070B590F83C20012A32D0012480F83C400D
:10347000022280F83D2003685A689D6822F0700699
:103480000A6832435A60134B02689A4214D0B2F170
:10349000804F11D0104B9A420ED0104B9A420BD055
:1034A0000F4B9A4208D00F4B9A4205D00E4B9A42CE
:1034B00002D00E4B9A4204D1496825F0800319438B
:1034C000916080F83D40002180F83C10084670BDB6
:1034D000022070BD000001400004004000080040D0
:1034E000000C004000040140004001400018004072
:1034F00010B5040003D094F83D0010B107E001209E
:1035000010BD002084F83C00204600F01FF8022087
:1035100084F83D00211D206801F0CEFE012084F8D2
:10352000460084F83E0084F83F0084F8400084F8A8
:10353000410084F8420084F8430084F8440084F891
:10354000450084F83D00002010BD000008B500686B
:103550000649884208D10648016841F0040101602B
:10356000006800F00400009008BD00000008004062
:103570004038024090F83D10012901D001207047E9
:10358000022180F83D1000681149884214D0B0F142
:10359000804F11D00F4988420ED00F4988420BD07E
:1035A0000E49884208D00E49884205D00D4988420C
:1035B00002D00D49884204D1816801F00701062933
:1035C00003D0016841F00101016000207047000054
:1035D000000001400004004000080040000C0040D2
:1035E00000040140004001400018004090F83D10E8
:1035F000012901D001207047022180F83D100168A7
:10360000CA6842F00102CA6000681149884214D0B9
:10361000B0F1804F11D00F4988420ED00E49884238
:103620000BD00E49884208D00D49884205D00D497B
:10363000884202D00C49884204D1816801F0070118
:10364000062903D0016841F00101016000207047A4
:10365000000001400004004000080040000C004051
:1036600000040140004001400018004070B50446CD
:1036700090F83C000025012817D0012684F83C6012
:10368000022084F83D002068826822F0770222F44C
:103690007F4282600868502838D00DDC20284FD047
:1036A00005DC90B3102811D14AE0022070BD30280B
:1036B00046D040280AD13BE060282FD070280DD09A
:1036C000B0F5805F03D0B0F5005F12D0012584F81B
:1036D0003D60002084F83C00284670BDCB68D1E9ED
:1036E0000121206801F059FE2068816841F07701CE
:1036F00009E0CB68D1E90121206801F04EFE206885
:10370000816841F480418160E1E719E0CA68496855
:10371000206801F017FF5021206806E0CA68496858
:10372000206801F020FF6021206801F040FECEE714
:10373000CA684968206801F005FF40212068F4E765
:10374000226801461046F0E7704770B504460068ED
:1037500001694FF00005C943890715D4C168C94301
:10376000890711D4E91E0161012020772068806952
:103770008007204602D0FFF7E7FF04E000F0C2F820
:10378000204600F054F9257720680169C9434907AC
:1037900017D4C168C943490713D46FF0040101610C
:1037A000022020772068806910F4407F204602D0F4
:1037B000FFF7CAFF04E000F0A5F8204600F037F953
:1037C000257720680169C943090716D4C168C94330
:1037D000090712D46FF008010161042020772068E6
:1037E000C0698007204602D0FFF7AEFF04E000F07A
:1037F00089F8204600F01BF9257720680169C94344
:10380000C90617D4C168C943C90613D46FF01001A3
:103810000161082020772068C06910F4407F2046AD
:1038200002D0FFF791FF04E000F06CF8204600F0B2
:10383000FEF8257720680169C943C90708D1C16826
:10384000C943C90704D1891E0161204600F054F91B
:1038500020680169C943090609D4C168C94309063A
:1038600005D46FF0800101612046FFF7F6FD206866
:103870000169C943490609D4C168C943490605D449
:103880006FF040010161204600F040F920680169B5
:10389000C94389060BD4C168C943890607D46FF0B0
:1038A000200101612046BDE87040FFF7D7BD70BD23
:1038B00010B586B0044614216846FCF7DFFE0E49B9
:1038C0002068884215D10D480021026842F00802A4
:1038D0000260006800F0080005904FF480400090FE
:1038E0000220CDE90101CDE9031069460448FEF745
:1038F00017FA06B010BD0000000800403038024042
:10390000000C0240704770B5044690F83C00002659
:103910000D4601280FD0012084F83C006AB1042A2A
:103920001DD0082A2FD00C2A3FD00126002084F871
:103930003C00304670BD022070BD206801F040FDA3
:103940002068816941F0080181612068816921F066
:1039500004018161206881692A69114311E02068AE
:1039600001F05EFD2068816941F400618161206899
:10397000816921F480618161206881692A6941EA55
:1039800002218161D2E7206801F080FD2068C169D1
:1039900041F00801C1612068C16921F00401C161E1
:1039A0002068C1692A69114311E0206801F0A2FD75
:1039B0002068C16941F40061C1612068C16921F4D6
:1039C0008061C1612068C1692A6941EA0221C1613F
:1039D000ACE710B5040003D094F83D0010B107E047
:1039E000012010BD002084F83C00204600F01EF8A5
:1039F000022084F83D00211D206801F05DFC0120BB
:103A000084F8460084F83E0084F83F0084F84000C3
:103A100084F8410084F8420084F8430084F84400AC
:103A200084F8450084F83D00002010BD70477047C1
:103A300010B50446022249B104290ED0082913D03A
:103A400094F84100012816D0012010BD94F83E00E2
:103A50000128F9D184F83E200FE094F83F000128B6
:103A6000F2D184F83F2008E094F840000128EBD11F
:103A700084F8402001E084F841200122206801F010
:103A80007FFC16492068164A884201D0904203D133
:103A9000436C43F4004343642068884213D0B0F180
:103AA000804F10D00F4988420DD00F4988420AD06C
:103AB0000E49884207D0904205D00D49884202D075
:103AC0000C49884204D1816801F00701062903D01E
:103AD000016841F001010160002010BD00000140BB
:103AE000000401400004004000080040000C0040B9
:103AF000004001400018004000680349884201D19D
:103B0000FEF712BA70470000000C00407047704783
:103B100070470000F8B5016804460868CA684B6938
:103B200010F00F0F4FF0000559D003F0010602F41A
:103B30009077374365D0C10705D0D10503D5216CF7
:103B400041F001012164410705D5D90703D0216C5B
:103B500041F002012164810705D5D90703D0216C0A
:103B600041F004012164010707D502F0200131432F
:103B700003D0216C41F008012164216C00293AD066
:103B8000800604D5900602D5204601F02DFD206860
:103B90004069216CC0F38010090700D460B320464F
:103BA00001F0FBFC20684069400621D520681430F4
:103BB00050E8001F21F0400140E80012002AF5D132
:103BC000A06BA8B16C490165A06BFDF74BFF002805
:103BD00011D0A06B016D01B0BDE8F040084783062D
:103BE0000FD593060DD52046BDE8F84001F0FCBC8A
:103BF0002046FFF78DFFF8BD2046FFF789FF2564BB
:103C0000F8BD266B2023012E79D1C60677D5D606BE
:103C100075D50868486800904869400640D5A16B92
:103C2000086840680004000CEAD0A28D8242E7D9FF
:103C3000E085C869B0F5807F2DD020680C3050E851
:103C4000001F21F4807140E80012002AF5D120689D
:103C5000143050E8001F21F0010140E80012002A52
:103C6000F5D12068143050E8001F21F0400140E8F1
:103C70000012002AF5D184F83E30256320680C300C
:103C800050E8001F21F0100140E80012002AF5D191
:103C9000A06BFDF79EFEA08DE18D401A81B229E058
:103CA000A08DE18D401A81B2E08D0028A8D00029B6
:103CB000A6D020680C3050E8002F22F4907240E823
:103CC0000026002EF5D12068143050E8002F22F095
:103CD000010240E80026002EF5D184F83E3025632D
:103CE00020680C3050E8002F22F0100240E800233A
:103CF000002BF5D12046FFF70AFFF8BDFFE70506C8
:103D00002BD5150629D594F83D002128F5D1A068BA
:103D1000B0F5805F01D12069B0B1206A411C2162F9
:103D2000216800784860E08C401E0004000CE084AC
:103D3000E3D12068C16821F08001C1602068C168BA
:103D400041F04001C160D8E7206A0088C0F3080054
:103D50004860206A801C2062E5E74006CDD5500609
:103D6000CBD5CA68204622F04002CA6084F83D30B4
:103D700000F085F9C1E700008B55000870B504001C
:103D800004D094F83D00002510B106E0012070BD7C
:103D900084F83C50204600F023F8242084F83D00AD
:103DA0002068C16821F40051C160204601F07CFC0C
:103DB0002068016921F4904101612068416921F086
:103DC0002A0141612068C16841F40051C160256445
:103DD000202084F83D0084F83E00002070BD0000E3
:103DE0002DE9F04387B0064614216846FCF746FCEF
:103DF0006B486A4B32686A491438022500244FF038
:103E000003084FF007099A4232D10A6842F01002C3
:103E10000A60096801F010010591016841F0020192
:103E20000160016801F002010591016841F00101A2
:103E30000160006802AA00F0010005908020CDE931
:103E4000000582E8100369465648FDF769FF28021D
:103E5000CDE9000502AA694682E810035248FDF741
:103E60005FFF002205212520FEF7F6F825203BE024
:103E70004E4B1F159A423CD14949091F0A6842F42A
:103E800080220A60096801F480210591016841F0EF
:103E900004010160006802AA00F0040005904FF4DC
:103EA0004060CDE9000582E8100369464048FDF70F
:103EB00037FF414D3F4828607804C5E90104C5E952
:103EC00003476C61AC61EC612C6228466C62FDF7C3
:103ED000ABFE08B1FDF763F8B5630022052127208A
:103EE000AE63FEF7B9F82720FEF7A8F807B0BDE8E3
:103EF000F083324B9A42F9D10A6842F020020A60FC
:103F0000096801F020010591016841F0400101605C
:103F10000068029400F0400005904FF48440CDE921
:103F200000050820CDE9038069462548FDF7F8FE25
:103F3000214D244860354FF020682860C5E9018490
:103F4000C5E903476C61AC61EC612C6228466C6288
:103F5000FDF76AFE08B1FDF722F8B563AE63164DB2
:103F60001848C0357830E5E80208402091C512486D
:103F700045F81449C030AC61EC612C626C62FDF70D
:103F800053FE08B1FDF70BF87563002205214720A9
:103F9000AE63FEF761F84720A6E70000001001407D
:103FA0004438024000040240000002400048004043
:103FB0000008024028600240180700200014014059
:103FC0000018024028640240704700002DE9F843C1
:103FD000044690F83D001F4616460D4620284CD159
:103FE000C5B1BEB194F83C00012846D0012084F848
:103FF0003C004FF00008C4F84080212084F83D00C8
:10400000FDF78CFFA6848146E684A068B0F5805F4A
:1040100003D004E00120BDE8F883206928B12E46D2
:104020005FF0000584F83C800EE00026FAE780216E
:10403000204601F0BFFBA0B9AEB116F8010B216814
:104040004860E08C401EE084E08C4B464FF000025C
:1040500000970028EBD14FF04001204601F0AAFB69
:1040600030B10320D7E735F8020BC0F30800E6E7CC
:10407000202084F83D000020CDE70220CBE77047E8
:10408000FEE700001CB502E0642004F03FFCFCF7F2
:1040900031FD0028F8D13E4A0192A2F11004101D12
:1040A000211D8346FCF732FD0026DFED3A0A9FED25
:1040B0003A0A3A4B0122314604F13000009600F0F2
:1040C00061FFA4F11000FCF7BFFC04F1980004F0BC
:1040D00007FB334D04F12C0A04F1280904F12408EC
:1040E00004F1A407211D5846019AFCF70FFD284949
:1040F0005846883104F04CFB04F11401244891EC3B
:10410000030A211D2038D1EC031A00F093FC20484B
:1041100053464A464146203803F096FE5FF00000C1
:1041200004EB800191ED090A07EB8001401CC0B24D
:1041300081ED000A0328F3D300209FED1A0A00BF87
:1041400004EB8001401CD1ED090AC0B2032860EEE7
:10415000800AC1ED090AF3D3114894ED0A0A083028
:1041600080ED000AB1EE400A84ED0A0A28780128A1
:104170000AD12E70A988688803F040FD4FF4FA70C8
:1041800004F0C4FB03F032FD012004F0BFFBA9E7FB
:104190006C6800200080894500A08C4568A7000855
:1041A000A0010020E12E6542F0B500230A2430254D
:1041B00037261F4611E000BFB4EB107F02D905EB94
:1041C000107C01E006EB107C01F813C001EB430CFE
:1041D00000015B1C8CF80170DBB29342ECD3F0BDA4
:1041E0002DE9F04104462DED048BB0EE608AF0EE2F
:1041F000409ADFEDB38AB0EE689A05F017FB0146EE
:10420000B048016042680AB18A1A826041608068E1
:1042100050B1E16D00EE101A78EE400A00EE100A7F
:10422000B8EE400A80EE809A18EE100AB0EE690AE5
:10423000E065D4F8520000EE900A04F05FFBB0EEA7
:10424000401AB0EE480A04F059FBB4EEC01AF1EE81
:1042500010FA04D220EE880A10EE100A00E00020C6
:104260002066A06D00EE100A20EE090A10EE103A4A
:10427000636614B1607830B122E0B0EE680ABDEC3C
:10428000048BBDE8F081D4F842008F499FED8F0A7E
:10429000884202DCD4F8420007E000EE900A70EE9B
:1042A000C00A10EE900AC4F842008949884207D932
:1042B00000EE900A30EE800A10EE100AC4F84200B8
:1042C00078EE690AD4F84620C4F84A20B7EE000A0E
:1042D000D4F8421060EE200A00EE101A18EE100A10
:1042E000C4F8461048EE800AC4F81E0019EE900A81
:1042F000C4F8220010EE900AC4F84200257815B1E7
:10430000012D6CD0CEE054F8022F00EE100A00EE22
:10431000902A20EE800A00EE900A10EE105AA56254
:10432000E26A00EE102A626801EE102A01EE200A0D
:1043300000EE901A10EE102A00EE100AE262A66B50
:1043400030EE600AE663666B10EE100AA6636063E7
:10435000A16800EE100A00EE901A20EE800A10EE1E
:10436000101A00EE102A21636069A41E00EE900A64
:10437000B4EEE00AF1EE10FA03DD00BFC4F82E003F
:1043800011E000EE900A00EE102AF1EE600AB4EEA1
:10439000E00AF1EE10FA06D200EE100AB1EE400A81
:1043A00010EE100AEAE7D4F82E0000EE105A00EEE4
:1043B000900A70EE200A00EE101A30EE800A10EE1D
:1043C000101AC4F8261000EE101AD4F8120054E0A7
:1043D00000EE100AB1EE400A10EE100A54E000EEB2
:1043E000100A00EE901A54F8025FB0EE001A70EE58
:1043F000600A00EE105A20EE800A10EE105A00EE0D
:10440000100AA562666800EE906A60EE800A00EE0F
:10441000100A10EE906A00EE901AE662A76B00EEAA
:10442000C10A00EE902AE763676BA76330EE200AAB
:1044300010EE100A6063A16800EE100A00EE901AF8
:1044400020EE800A00EE906A10EE100A00EE105A7C
:10445000206370EE200A00EE100A54F8240F70EE6C
:10446000800A00EE100A30EE800A10EE101A44F8AE
:10447000141900EE101A54F8120900EE900AB4EE66
:10448000E00AF1EE10FA02DDC4F826000AE000EEC0
:10449000900A00EE101AF1EE600AB4EEE00AF1EEB6
:1044A00010FA95D3D4F8260000EE103A00EE900AE8
:1044B000206E70EE800A00EE100A30EE800ADEE612
:1044C000000000001C020020000034430000B44340
:1044D000000034C3002821D0002A1FD000F8021B9E
:1044E00011680160516841609168816010EE101A96
:1044F000016110EE901A41610021C1638163416343
:1045000041620163C162816281644164016411EEB0
:10451000101A016511EE901AC0F85610704700008D
:1045200070B50446A9B12C48B0F892042B49142266
:104530008D88888045408543214604F11400FBF7AF
:10454000E4FF01200021402D06D0A171802D09D06B
:1045500003E02348808AE9E7A071E171B5F5807F27
:1045600006D000E0E0712172B5F5007F07D000E0D1
:1045700020721C4AB5F5806F517206D000E060725F
:10458000A172B5F5006F06D000E0A072E172B5F53A
:10459000805F06D000E0E0722173B5F5005F06D0C1
:1045A00000E020736173B5F5804F06D000E06073C2
:1045B000A173B5F5004F05D000E0A073E173102D95
:1045C00005D000E0E0732171202D03D000E02071C0
:1045D000617170BD607170BD386B0020BE0100203C
:1045E000B06A0020106B00200F4810B50D49016023
:1045F0000321416000214FF430228160C0E90312A1
:1046000041610176417681760122C2760177417758
:10461000FDF70DF8002803D0BDE81040FCF7BFBC43
:1046200010BD0000006400409C0400200E4810B53E
:104630000C4901600321416000214FF43022816068
:10464000C0E903124161017641768176C176017736
:104650004177FCF7ECFF002803D0BDE81040FCF7E1
:104660009EBC10BD00680040C40400201D4808B571
:10467000016841F480010160016801F4800100914A
:10468000016841F4001101600068002200F400108C
:10469000009005210C20FDF7DFFC0C20FDF7CEFC7F
:1046A000002205213920FDF7D7FC3920FDF7C6FC93
:1046B000002205213A20FDF7CFFC3A20FDF7BEFC91
:1046C000002205213B20FDF7C7FC3B20FDF7B6FC8F
:1046D000002205214520FDF7BFFCBDE8084045202C
:1046E000FDF7ACBC3038024010B5B2B01C222749EF
:1046F0006846FBF791FF0021684604F013F9244C4B
:1047000022491C2220601C3107A8FBF785FF0021ED
:1047100007A804F007F91D4960601C2238310EA873
:10472000FBF77AFF00210EA804F0FCF81749A060FF
:104730001C22543115A8FBF76FFF002115A804F0C7
:10474000F1F81249E0601C2270311CA8FBF764FFED
:1047500000211CA804F0E6F80C4920611C228C31D1
:1047600023A8FBF759FF002123A804F0DBF8074931
:1047700060611C22A8312AA8FBF74EFF00212AA85D
:1047800004F0D0F8A06132B010BD0000E0A5000830
:10479000000000202DE9F04186B014216846FBF7A7
:1047A0006DFF29480025016841F0020101600168A0
:1047B00001F002010591016841F0400101600168CA
:1047C00001F040010591016841F0010101600168BB
:1047D00001F001010591016841F0080101600168E3
:1047E00001F008010591016841F0040101600168D0
:1047F00001F004010591016841F080010160006849
:10480000124F00F080000590002210213846FDF77D
:104810007FFBDFF83C80002201214046FDF778FB5A
:104820001020012402268DE8710069463846FDF704
:1048300077FA01AA009482E8700069464046FDF7C5
:104840006FFA06B0BDE8F081303802400000024047
:1048500000040240104810B50E4901604FF4827107
:104860004160002102228160C0E9031201224261FD
:10487000520282613822C0E90721416281620A2125
:10488000C162FEF71DFC002803D0BDE81040FCF714
:1048900086BB10BD00300140EC04002010B58EB086
:1048A00000240794089409940A940B941C216846E8
:1048B0000C94FBF7E3FE1E481C49C0E9001445F2C6
:1048C0000721C0E9024104618461FEF711FE08B1CD
:1048D000FCF765FB4FF48050079007A91448FEF7DA
:1048E000C5FE08B1FCF75BFB1148FFF772F808B191
:1048F000FCF755FB0B940BA90D480C94FEF7B0FD8B
:1049000008B1FCF74CFB6020CDE9000402940822BA
:10491000694607480494FEF7F6FF08B1FCF73FFB31
:104920000348FEF7C5FF0EB010BD000000080040B0
:10493000040600200C4810B50A4901604FF4E1312B
:104940004160002181600C22C160C0E904128161D4
:10495000C161FFF713FA002803D0BDE81040FCF74F
:104960001EBB10BD001001404C0600200C4810B5C5
:104970000A4901600B494160002181600C22C1603D
:10498000C0E904128161C161FFF7F8F9002803D082
:10499000BDE81040FCF703BB10BD0000004800401C
:1049A00090060020A08601000C4810B50A4901605D
:1049B0004FF4E1314160002181600C22C160C0E907
:1049C00004128161C161FFF7D9F9002803D0BDE865
:1049D0001040FCF7E4BA10BD00140140D4060020DA
:1049E00010B500220F49104801F0E7FB08B1FCF7B1
:1049F000D6FA0E490C4801F0F5FD08B1FCF7CFFAE4
:104A00000B49094801F088F908B1FCF7C8FA0648D3
:104A100001F06CFE002803D0BDE81040FCF7BFBADF
:104A200010BD00002000002080080020540100205C
:104A300070000020F5EEC01AB0EE413AF0EE603A98
:104A4000B0EE404AF1EE10FA00B5024609D1B5EEDB
:104A5000C02AF1EE10FA04D1F5EEC02AF1EE10FAF8
:104A600078D021EEA10A02EE020A02EEA20A03F0B9
:104A7000A9FE21EE805A62EE004A92ED011AD2EDB3
:104A8000030A22EE800AD2ED002A21EE202AD2ED7E
:104A9000021A22EE811A5C4802EEE12A01EEA01A07
:104AA000F6EE001A52EEA21A40EEA01A60EE020ACA
:104AB00064EEA12A45EE610A40EE412A25EE010A84
:104AC00090ED011A04EEC20AB5EEC01AF1EE10FA2A
:104AD0002CDD90ED011AD0ED021A21EE222A9FED75
:104AE0004B1A42EE011AC0ED021AD0ED011A21EE66
:104AF000A02AD0ED031A42EE011AC0ED031AD0ED40
:104B0000011A21EE802AD0ED041A42EE011AC0EDFE
:104B1000041A90ED021A34EE014A90ED031A73EE76
:104B2000813A90ED041A33EE013A07E09FED381A0E
:104B300080ED021A80ED031A80ED041A90ED001A40
:104B400001EE224A90ED001A41EE203AD0ED000A23
:104B500000EE803A9FED2F0AD2ED021A24EE002AD1
:104B600063EE802A23EE001A92EC020A92ED033AD9
:104B700060EEC23A41EEE23A43EE413A73EE804AC9
:104B800060EE023AC2ED004A41EE813A43EE623AEB
:104B900033EEA04A60EE223A20EE010A82ED014A8D
:104BA00040EEC13A00EEA20A43EE023A01EEC20A1A
:104BB00073EEA13A70EE030A24EEA40AC2ED023AA3
:104BC000C2ED030A04EE040A03EEA30A00EEA00AF3
:104BD00003F0F8FDD2ED000A60EE800AC2ED000A93
:104BE000D2ED010A60EE800AC2ED010AD2ED020A9E
:104BF00060EE800AC2ED020AD2ED030A20EE800ABE
:104C000082ED030A00BD0000340200206F12833AD7
:104C1000000000006F12033AFEE7FEE70148FDF7CF
:104C2000A9BB0000E01F00202DE9F04103680D46FC
:104C300004461E6C03EB4511D1F8080BD4F810E0C4
:104C40004FF400474FF0200C04F2C442BEF1010FB4
:104C500009D0DFF898E0764539D1020432D500BF9B
:104C6000C1F8087B3FE0224B5FEA007E04D59E42FC
:104C700039D90004F4D436E05FEA806E02D5C1F879
:104C800008CB30E010F0280F2DD19E4201D900044E
:104C9000E6D405EBC50004EB8000D1F8101BD0F87A
:104CA0009832C1F31201591AC0F89C1200F51F7016
:104CB000ADB983691BB10269114401610FE00121A3
:104CC00020680AE080060AD5C1F808CB07E035B9AC
:104CD000D4F8940218B90021184602F02BF9E9B271
:104CE0002046FDF71FFA0020BDE8F0810A31544F3D
:104CF0000A30544F2DE9F84F0E4601EBC60100EB88
:104D0000810481460568616DE06D3C34884202D9BA
:104D10000120BDE8F88F081AE168814200D20846F8
:104D2000C01C870805EB46181BE000BFA0EB010A7A
:104D3000E068504500D282460AF10300870899F8DE
:104D4000100000901FFA8AF3F2B22846216902F09F
:104D50000BFC216901EB0A002061216A01EB0A00CA
:104D60002062D8F8180980B2B84205D3216AA06938
:104D7000814201D20028D9D1216AA069884208D88D
:104D800006F00F0101208840D5F834188143C5F89A
:104D900034180020BDE7000010B59FED761A00B36F
:104DA000D0F84610C0F84A10D0F8421010EE902A01
:104DB000C0F84610C0F81E2010EE102A30EEC00ACF
:104DC000F7EE001AC0F8222061EE800A00EE101AF9
:104DD00041EE000A10EE901AC0F8421042781AB163
:104DE0001DE0B0EE410A10BD634A9FED640A914296
:104DF00002DCD0F8421007E000EE901A70EEC00A14
:104E000010EE901AC0F842105D4A914207D900EEA8
:104E1000901A30EE800A10EE101AC0F84210B0F866
:104E20005610C90516D5D0F842100E3000EE101AF3
:104E300003F064FD50F8341B00EE901A50F8281966
:104E400001EE101A60EE810A20EE200A10EE101A10
:104E500040F81A190178E1BB50F8021F00EE901AD1
:104E6000016C00EE101A20EE800A00EE901A10EE8F
:104E7000103A8362C26A00EE102A426801EE102ADC
:104E800001EE200A10EE102A00EE101AC262846BA6
:104E9000C463446B8463416C00EE901A30EE600A88
:104EA00010EE101A4163846800EE101A00EE904A6A
:104EB00020EE800A10EE104A00EE102A04634169C9
:104EC000801E00EE901AB4EEE00AF1EE10FA04DD56
:104ED00000E04AE0C0F82E1011E000EE901A00EE5B
:104EE000102AF1EE600AB4EEE00AF1EE10FA06D2F2
:104EF00000EE101AB1EE400A10EE101AE8E7D0F8F2
:104F00002E1000EE103A00EE901AD0F81A1070EE43
:104F1000200A00EE104A70EE800A00EE101A30EE01
:104F2000800A10EE102AC0F82620D0F8121000EEE9
:104F3000102A00EE901AB4EEE00AF1EE10FA02DD4B
:104F4000C0F8261011E000EE901A00EE102AF1EEE3
:104F5000600AB4EEE00AF1EE10FA06D200EE101A82
:104F6000B1EE400A10EE101AEAE7D0F8260000EE83
:104F7000100A10BD00000000000034430000B443DC
:104F8000000034C3009A002822D0002B20D000F863
:104F9000021B19680160596841609968816010EED0
:104FA000101AA0F85420016110EE901A41610021FE
:104FB000C1638163416341620163C1628162816453
:104FC00041640164801ED10502D5D968C0F80E1075
:104FD0007047000030B5144B1C68656945F040050A
:104FE00065611B68DC6844F01004DC600F4B1C68D2
:104FF000256825F0010525601C682568ED07F7D1B7
:105000001D680B4CAC601C68E06018680161186892
:1050100042601868016841F48021016018680168E5
:1050200041F00101016030BD90060020180700200A
:105030000448004070B5194DC5F88204B5F88004E5
:10504000002829D0D5F882040178A52924D105218A
:1050500002F09FFA01281FD1D5F88244E11DB4F86F
:105060000500A0F54070013802D0032807D102E006
:10507000C5F8861403E00C220948FBF78BFAB5F853
:105080008004B4F80110401A0938A5F88004B4F877
:10509000010020440930CFE770BD0000386B0020CC
:1050A000C26F002008B58020044B8200A3F5007178
:1050B0000090A1F5007003F089FE08BD386F002054
:1050C00038B504461248134B0068B0FBF3F04FF4B8
:1050D0007A73584300906068B0F5827F0DD10B461B
:1050E000009200228021204600F016F870B1606D19
:1050F00040F020006065032038BD009830B1401EAC
:10510000009020688068C0430006F6D5002038BDB6
:105110009000002000366E012DE9F8431E469146AE
:1051200088460446089DFCF7F9FE401B351AFCF73B
:10513000F5FE074625480068C0F3CB30684338E0E9
:10514000701C37D0FCF7EAFEC01BA84203D215B191
:10515000009860B32CE02068416821F0E0014160D4
:105160006068B0F5827F0BD1A068B0F5004F02D027
:10517000B0F5806F04D12068016821F04001016022
:10518000A06AB0F5005F09D12068016821F40051E0
:1051900001602068016841F400510160012084F839
:1051A0005100002084F850000320BDE8F88300255A
:1051B000401E00902068816838EA010004D0002178
:1051C0004945BDD10020F0E70121F9E7900000201A
:1051D0000178407841EA00207047000010B5502067
:1051E00080F31188BFF34F8FBFF36F8F04F024FB60
:1051F00018B104494FF080500860002080F31188F6
:1052000010BD000004ED00E030B593B030216846D9
:10521000FBF734FA14210CA8FBF730FA1D480025DF
:10522000016841F080510160006800F080501190E9
:105230001948016841F4804101600068022400F4CB
:105240008040119001200090000401908001CDE980
:10525000064006200890A820CDE9090407200B90FD
:105260006846FDF777FD08B172B6FEE70CA90F207E
:1052700081E831004FF4A0500F904FF4805010900F
:1052800005210CA8FDF754FC002801D072B6FEE7FA
:1052900013B030BD40380240007000400248016841
:1052A00041F470010160704788ED00E00148FEF7AD
:1052B0004CBA000038080020F0B50268254C264D95
:1052C000264E274F274B4FF0804CA04209D0604517
:1052D00007D0A84205D0B04203D0B84201D09842CE
:1052E00004D122F0700E4A6842EA0E02A0421BD09E
:1052F000604519D0A84217D0B04215D0B84213D09B
:10530000984211D0184DA8420ED0184DA8420BD08B
:10531000174DA84208D0174DA84205D0164DA842F7
:1053200002D0164DA84203D122F44075CA682A4320
:105330004D6922F080022A4302608A68C2620A68CC
:105340008262A04201D0984201D109690163012122
:105350004161F0BD00000140000400400008004031
:10536000000C0040000401400040014000440140A6
:105370000048014000180040001C00400020004090
:1053800010B501F01F030121046A99408C430462A7
:10539000016A9A401143016210BD10B5846842EA67
:1053A000032224F47F440A432243826010BD8268B2
:1053B00022F070020A4342F007018160704700004A
:1053C000F0B5026A22F001020262036A426884694F
:1053D000124E24F073050C682C4323F002058B68F1
:1053E0002B430D4DA84201D0B04205D123F0080750
:1053F000CB683B4323F00403A84201D0B04205D15F
:105400004D6922F4407215438A692A4342608461DF
:10541000496841630362F0BD00000140000401409F
:10542000F0B5026A22F010020262026A43688469DF
:105430000D6824F4E64444EA05248D6822F0200235
:1054400042EA05120F4D104EA84201D0B04206D1DB
:10545000CF6822F0800242EA071222F04002A842FE
:1054600001D0B04207D14D6923F4406343EA85037C
:105470008D6943EA85034360846149688163026200
:10548000F0BD00000000014000040140F0B5026AD8
:1054900022F480720262026A4368C46922F40072D4
:1054A00024F073050C68124E2C438D6842EA0522E5
:1054B0000E4DA84201D0B04206D1CF6822F400625E
:1054C00042EA072222F48062A84201D0B04207D10A
:1054D0004D6923F4405343EA05138D6943EA0513EC
:1054E0004360C4614968C1630262F0BD00000140CD
:1054F0000004014030B5026A22F480520262046A5C
:105500004268C3690D6823F4E64343EA05238D68C6
:1055100024F4005444EA0534084DA84202D0084D52
:10552000A84204D14D6922F4804242EA85124260C9
:10553000C36149680164046230BD0000000001409D
:105540000004014010B5036A046A24F001040462F7
:10555000846924F0F00444EA021423F00A020A43A6
:105560008461026210BD10B5036A23F01003036268
:105570008369046A23F4704343EA023224F0A003EF
:1055800043EA01118261016210BD10B5806B0021F8
:10559000C185C184FEF7BCFA10BD01680C3151E829
:1055A000002F22F4907241E80023002BF5D101680E
:1055B000143151E8002F22F0010241E80023002BB2
:1055C000F5D1016B012909D101680C3151E8002F97
:1055D00022F0100241E80023002BF5D1202180F8B1
:1055E0003E1000210163704708B590F83E10222953
:1055F00001D0022008BD82684FF480539A4201D145
:10560000016921B1816A9A421BD04AB10AE002685D
:10561000816A5268C2F308020A80816A891C08E024
:10562000026972B10268526802F07F020A70816AF0
:10563000491C8162C18D491E0904090CC18503D032
:1056400019E002685268F1E70168CA6822F0200296
:10565000CA600168CA6822F48072CA6001684A6937
:1056600022F001024A61202180F83E10016B0129DD
:1056700003D0FEF7A9FC002008BD002101630168EA
:105680000C3151E8002F22F0100241E80023002BDA
:10569000F5D101680A68D20602D50A684968009106
:1056A000818DFEF734FAE6E770B5044600680169BB
:1056B000E26821F44051114301612169A068E26967
:1056C00008436169114308432168CA6849F20C63C1
:1056D0009A430243CA6020684169A26921F440717B
:1056E0001143416131492068884202D030498842E3
:1056F00002D1FDF7EDFA01E0FDF7DAFAE2690023E5
:10570000192164253226B2F5004F626828D0A0FB2B
:105710000101930F9200FAF781FE0146B0FBF5F00C
:105720006FF01802504301EB800006EB0010B0FB55
:10573000F5F000F0F002B1FBF5F002EB0012B1FB66
:10574000F5F06FF01803584301EB800006EB0010F2
:10575000B0FBF5F000F00F0021681044886070BDC8
:10576000A0FB010192185B41FAF758FE0146B0FB1D
:10577000F5F00201B1FBF5F06FF01803584301EBAF
:10578000800006EBC000B0FBF5F000F0F80002EB83
:105790004002B1FBF5F0584301EB800006EBC0007E
:1057A000B0FBF5F000F00700D6E700000010014064
:1057B000001401402DE9F041984617460E46044674
:1057C000069D27E0681C25D02DB1FCF7A7FBA0EBB8
:1057D0000800A8421ED920680C3050E8001F21F4B0
:1057E000D07140E80012002AF5D12068143050E84A
:1057F000001F21F0010140E80012002AF5D120200D
:1058000084F83D0084F83E00002084F83C0003202A
:10581000BDE8F0812068006836EA000004D000206E
:10582000B842CFD00020F3E70120F9E70148FEF7A6
:1058300071B900004C06002038B52948006801689D
:10584000890603D501684068009038BD254909687C
:10585000C906FAD5016840680090234801680A68C3
:105860004FF024031403214A0C6824F001040C6057
:1058700016D404686168C1F1240189B211806360A3
:105880000268136843F4002313600068026842F062
:10589000010202601229D8D1154901F1180017E060
:1058A00001684C68C4F12404A4B214804B6011490F
:1058B0008A6A22F400228A620068016841F00101CC
:1058C0000160122CC1D10A48818AC18201463C3054
:1058D00003F0F8FABDE83840002002F0CBB9000030
:1058E000900600200048004018070020BC0100205E
:1058F000B06A00200060024038B51F480068C0064A
:1059000038D51E4801680A6849680091816B0968AA
:105910000A684FF400731403194A0C6824F0010458
:105920000C60816B0C686468C4F50074A2F8804454
:1059300009684B60816B09680A680AD442F4002246
:105940000A60806B0068016841F0010101600C4849
:1059500009E022F400220A60806B0068016841F0CF
:10596000010101600748FFF765FBBDE838400620EC
:1059700002F080B938BD000000140140D4060020B8
:10598000386B0020386D00202DE9F0410C46D0F82E
:10599000D412D0F8C82200EB8101D1F8C01229B38B
:1059A00004F00F0606EB860300EB83050027AB69C6
:1059B0004BB106EBC60602EB8602926CB3FBF2F625
:1059C00002FB1632A2B1C1F81472D0F8D42200EB57
:1059D0008200D0F8C40203692BB1D1F80802224634
:1059E00001F5047198470020BDE8F0810320FBE732
:1059F00000231A462146AF6100F0D5FDF3E770B5EC
:105A00000546D0F8D40205EB8000D0F8C04294B12E
:105A1000284600F0AAFCC4F80C02D5F8D412D4F839
:105A2000040205EB8101D1F8C412CA6804F50371C0
:105A30009047002070BD032070BD000070B5224D5E
:105A40000446297800F0D5FB2878002600F00F00E6
:105A500000EB800004EB800086846978204600F02B
:105A6000C8FB687800F00F0000EB800004EB8000BA
:105A7000A0F86461A978204600F0BBFBA87800F08C
:105A80000F0000EB800004EB80008684C684D4F80D
:105A9000D40204EB8000D0F8C01299B1D0F8C4024F
:105AA00040688047D4F8D40204EB8000D0F8C002EC
:105AB00000F09DFFD4F8D40204EB8000C0F8C0626F
:105AC000C4F8BC62002070BD0001002010B5D0F801
:105AD000D41200EB8100D0F8C04284B1D0F8C412D7
:105AE00059B194F80002FF2807D08B6894F801227E
:105AF00021469847FF2084F80002002010BD0320B3
:105B000010BD00000A2101800048704704010020F8
:105B100070B5064682210C4800F0FBFA05460121CB
:105B2000094800F0F6FA04468121074800F0F1FA2E
:105B30000DB11021A971402104B1A18000B1818073
:105B400043203080004870BD1001002070B506462B
:105B500082210D4800F0DDFA054601210A4800F0D7
:105B6000D8FA04468121084800F0D3FA0DB110217B
:105B7000A9714FF4007104B1A18000B1818043206C
:105B80003080014870BD00001001002070B506464D
:105B900082210C4800F0BDFA05460121094800F0B9
:105BA000B8FA04468121074800F0B3FA0DB110217C
:105BB000A971402104B1A18000B1818043203080CF
:105BC000004870BD100100202DE9F04704464FF455
:105BD0000775284600F00CFF06004FF0000863D060
:105BE0002946FAF74BFDD4F8D4023C4D04EB800073
:105BF0004FF01009C0F8C062C4F8BC62207C4FF4BA
:105C0000007A0127F0B3402302222978204600F0D1
:105C100019FC2878402300F00F0000EB800004EB13
:105C20008000878402226978204600F00BFC6878A7
:105C3000082300F00F0000EB800004EB800003223B
:105C4000A0F86471A978204601F00F0101EB8101F1
:105C500004EB8101A1F82690A97800F0F3FBA87865
:105C600000F00F0000EB800004EB80008784C6F892
:105C70000482D4F8D402474604EB8000D0F8C40272
:105C8000006800E018E006F501768047376177612B
:105C900032687AB1207CF8B140236978204600F060
:105CA000DDFB0020BDE8F087D4F8D41204EB8101BD
:105CB000C1F8C0820220F5E7534602222978204627
:105CC00000F0C0FB2878534600F00F0000EB800086
:105CD00004EB80008784A5E75346DEE7000100203F
:105CE00010B5D0F8D41200EB8101D1F8C01259B12F
:105CF000027C084C002AD1F8042207D040236178A6
:105D000000F0ACFB002010BD032010BD4FF4007369
:105D1000F5E700000001002039B1D0F8D42200EBF3
:105D20008200C0F8C4120020704703207047D0F8EA
:105D3000D42200EB8200D0F8C00218B1C0F80412DF
:105D40000020704703207047D0F8D43200EB830066
:105D5000D0F8C00228B1C0F81022C0F80812002004
:105D60007047032070472DE9FC410646D0F8D40265
:105D70000C4606EB80000021D0F8C0728DF80010B0
:105D8000ADF804100D4637B1217811F060022FD024
:105D9000202A4BD102E00320BDE8FC81E288F2B169
:105DA00009060DD5D0F8C40263783946D0F808C08A
:105DB0001846E047E288072A00D9072239462DE035
:105DC000607887F80002E088402800D34020C2B203
:105DD00087F801223946304600F081F82BE0D0F8F0
:105DE000C40263780022866821461846B04722E044
:105DF000607830B101281ED00A2809D00B2815D1AF
:105E000010E096F89C02032810D1022201A905E0B7
:105E100096F89C02032809D101226946304600F019
:105E200078F808E096F89C02032804D02146304612
:105E300000F04AF803252846AEE7000010B5D0F878
:105E4000D41200EB8101D1F8C02201211AB1D2F89D
:105E5000143213B116E0032010BD0121C2F8141250
:105E60000949D2F81032097801F00F0404EB8404D8
:105E700000EB8404A361D2F81032D2F8082200F0BB
:105E800092FB0021084610BD0001002010B5D0F89B
:105E9000B82200245268904700B10324204610BD68
:105EA0000020704700207047134610B50A460021B5
:105EB00000F0D4FA002010BD134610B50A460021A8
:105EC00000F071FB002010BD10B50446802100F0E9
:105ED0004FFB2046BDE81040002100F049BB10B543
:105EE0000323C0F89432C0F858211346C0F85C214F
:105EF0000A46002100F0B2FA002010BD10B50521BD
:105F0000C0F8941200231A46194600F0A7FA0020A0
:105F100010BD10B50223C0F8943282611346C261ED
:105F20000A46002100F03FFB002010BD10B50421FF
:105F3000C0F8941200231A46194600F034FB0020E2
:105F400010BD000010B50A46024903A000F005F993
:105F5000004810BD5C0B002043444320436F6E6635
:105F60006967000012200880004870474000002048
:105F700010B50A46024903A000F0EFF8004810BD32
:105F80005C0B002043444320496E74657266616374
:105F90006500000004200880004870473C00002095
:105FA00010B50A46024903A000F0D7F8004810BD1A
:105FB0005C0B002053544D6963726F656C656374AC
:105FC000726F6E696373000010B50A46024903A040
:105FD00000F0C3F8004810BD5C0B002053544D3353
:105FE00032205669727475616C20436F6D506F7208
:105FF0007400000010B51A2008800A480168001DCE
:106000000468001D0068081809D008220649FEF738
:10601000CBF80549042210312046FEF7C5F80248A6
:10602000801E10BD107AFF1F56000020F8B50446F0
:106030000020ADF8000048880D46010A08295FD20B
:10604000DFE801F05E0409175E5E3C45D4F8B41247
:10605000207C0A6819E0207C02260028D4F8B802C7
:1060600005D0C16A684688470146467039E0816AB2
:10607000F8E7C0B2062843D2DFE800F0030A1014A4
:10608000181CD4F8B402426805E0694690471CE049
:10609000D4F8B402826892B3207CF6E7D4F8B40254
:1060A000C268F8E7D4F8B4020269F4E7D4F8B4029D
:1060B0004269F0E7D4F8B4028269ECE7207CF0B9D9
:1060C000D4F8B802416B68468847014609E0207C55
:1060D000A8B9D4F8B802016B684688470146072082
:1060E0004870EA888AB1BDF8000040B1824200D908
:1060F0000246ADF800202046FFF70BFFF8BDFFE792
:1061000029462046FFF7E0FEF8E72046FFF70EFF9E
:10611000F4E778B50E4642880178002504468A42A5
:1061200012D9ADF800100AE0694600F00FF8417886
:10613000052904D181780546B14205D00025618842
:10614000BDF800209142EFD8284678BD0A88037830
:106150001A440A8001780844704770B5002300286B
:106160001ED00025044602E06D1CEDB2641C2678AA
:10617000002EF9D1022404EB450414801278CA548D
:106180005B1C0322CA5400245B1C06E0CA545B1C3F
:10619000DAB28C54521CD3B2401C0278002AF5D1DA
:1061A00070BD01004FF0000004D0012901D0022988
:1061B00001D0032070470120704778B10023C0F858
:1061C000B832C0F8C432C0F8D03209B1C0F8B41245
:1061D000012180F89C12027000F0CCB803207047B7
:1061E00010B5D0F8C802FBF7E0FFBDE81040FFF79C
:1061F000D8BF10B5D0F8C802FBF7B1FFBDE810401A
:10620000FFF7CFBF2DE9F04117460446002521B125
:1062100094F89C02032842D04CE0D4F8941204F184
:106220001400022935D1D0E902639E4206D9F21A40
:10623000826039462046FFF73FFE0FE0B34214D19B
:106240004068984211D3D4F8981288420DD20022A7
:1062500011462046FFF730FEC4F8985200231A4634
:106260001946204600F0FAF813E094F89C0203283F
:1062700008D1D4F8B802C16821B1C4F8D452C168B9
:10628000204688478021204600F072F92046FFF71B
:1062900035FE94F8A00268B184F8A0520AE0D4F860
:1062A000B802426932B1C4F8D452426920469047DC
:1062B000002800D10020BDE8F08170B513460446E7
:1062C000002221B194F89C02032830D03AE0D4F89F
:1062D000941204F5AA70032934D1D0E902518D42F9
:1062E0000AD96A1A82600846824200D302461946D9
:1062F0002046FFF7D9FD25E094F8AA0210F01F0010
:1063000003D0012802D0022800D0002294F89C0279
:10631000032808D1D4F8B802016921B1C4F8D42205
:106320000169204688472046FFF700FE0AE0D4F8BE
:10633000B802836933B1C4F8D422826920469047F9
:10634000002800D1002070BD0020704710B5002447
:10635000012180F89C12D0F8B82222B1526801794C
:10636000904700B10324204610BDD0F8C802FBF7C7
:106370004ABF000010B5017839BB15490222C1F8A7
:106380000805C0F8C8124FF0A0400860042048601B
:106390000020C1E90320C1E9062008624862C86202
:1063A00008630846FCF79EFA08B1FAF7F8FD802169
:1063B0000748FBF784FE402200210548FBF783FED7
:1063C000802201210248FBF77EFE002010BD000064
:1063D000E01F00200A0601F07F01D0F8C80201EB9F
:1063E000C10100EB810002D590F83E00704790F8A3
:1063F0007E02704710B5D0F8D42200EB8202D2F8AA
:10640000B82222B190F89C32032B02D004E0032082
:1064100010BD126A02B19047002010BD10B5D0F82F
:10642000D42200EB8202D2F8B82222B190F89C323A
:10643000032B02D004E0032010BD526A02B1904742
:10644000002010BD10B51C461346D0F8C8022246E5
:10645000FBF7E2FEBDE81040FFF7A3BE10B5D0F891
:10646000C802FBF709FFBDE81040FFF79ABE2DE90F
:10647000F04100260125044680F89C52C4F894623D
:106480006660C4F8A46280F8A062D0F8B80230B1A7
:10649000426822B100212046904700B10326002225
:1064A000402311462046FFF7CDFF4027A4F8645152
:1064B0003B46002280212046C4F86071FFF7C2FFEE
:1064C000A58430462762BDE8F08190F89C1204292B
:1064D00003D190F89D1280F89C120020704710B5EF
:1064E00090F89C12032905D1D0F8B81211B1C969EE
:1064F00001B18847002010BD01740020704710B51D
:10650000D0F8C802FCF7C0FABDE81040FFF749BE5A
:1065100070B5044600F2AA20054600F04DF80120AF
:10652000C4F89402B4F8B002C4F8980294F8AA022D
:1065300010F01F010AD001290ED0022912D000F05C
:1065400080012046BDE8704000F012B82946204680
:10655000BDE8704000F0CCB829462046BDE8704048
:1065600000F00CBA29462046BDE8704000F056B94C
:1065700010B5D0F8C802FBF7A3FEBDE81040FFF746
:1065800010BE10B5D0F8C802FCF799FABDE810406B
:10659000FFF707BE90F89C1280F89D12042180F846
:1065A0009C120020704710B5D0F8C802FBF7C2FE5D
:1065B000BDE81040FFF7F5BD70B5054611F8010BB9
:1065C0002870087868704C1C2046FEF701FE688031
:1065D000A41C2046FEF7FCFDA880A01CFEF7F8FDD9
:1065E000E88070BD38B504460020ADF80000A1B1C8
:1065F000C4F8B812D4F8D40204EB8000D0F8B80282
:10660000C16A19B168468847C4F8D002D4F8D802E4
:10661000401CC4F8D802002038BD032038BD024613
:106620000020D2F8B832002B02D01B681046184761
:10663000704700002DE9F04188462B4E89780025EF
:1066400004463170012906D941462046FFF73CFC3B
:106650000320BDE8F08194F89C02022702280CD0A8
:1066600003281DD041462046FFF72EFC31782046F6
:10667000FFF70CFC03252846EBE789B32046616051
:10668000FFF7CDFF050004D041462046FFF71CFC74
:106690001DE02046FFF74AFC032084F89C02EAE74D
:1066A000C1B1606888421BD0C1B22046FFF7EEFB43
:1066B000317820466160FFF7B2FF050010D04146F7
:1066C0002046FFF701FC21792046FFF7DFFB84F825
:1066D0009C72D0E784F89C7220466160FFF7D6FB7D
:1066E0002046FFF723FCC6E7FC000020FFF749BF68
:1066F0002DE9F0410A78002512F060020CD0202A22
:1067000001D0402A7DD1D0F8D42200EB8202D2F809
:10671000B8229268904731E04B78002201260A2B7C
:106720006FD2DFE803F041666E586E08056E2D29C2
:10673000FFF77CFC67E004468888D8B9C888C8B9E8
:106740004888802816D200F07F0794F89C0203281E
:1067500010D084F89E7239462046FFF7D0FE2046BE
:10676000FFF7E4FB1FB1022084F89C024BE084F8A1
:106770009C6248E0204644E0FFF75CFF054642E0AB
:10678000CB88012B3DD190F89C32012B04D0022BF9
:1067900002D0032B35D104E08260012200F1080110
:1067A00016E00122011D13E090F89C22012A03D07B
:1067B000022A01D0032A24D1CA88022A21D1C66024
:1067C000D0F8A41209B10321C160022200F10C012A
:1067D000FFF79FFB17E04A88012A02D0022A03D064
:1067E0000FE0C0F8A46216E08988090A80F8A012B8
:1067F00011E090F89C32012B08D0022B06D0032B1D
:1068000004D0FFF761FB2846BDE8F08149880129E3
:10681000F9D1C0F8A422FFF789FBF4E72DE9F04194
:10682000054608780C790E464FF0000810F060001D
:106830000BD0202801D040286AD121462846FFF7F6
:106840002FFBFF2800D0D8B395E07078C8B301289B
:1068500024D003285CD195F89C02022802D003289A
:1068600056D10CE0002C53D0802C51D02146284624
:10687000FFF77EFE80212846FFF77AFE7BE07088D6
:1068800040B93CB1802C05D0C88818B921462846AB
:10689000FFF76EFE2846FFF749FB6CE095F89C0277
:1068A0000228DFD0032863D1708880BB600603D044
:1068B00021462846FFF794FC2846FFF737FBBCE744
:1068C00000E00AE0C5F8D402D5F8B8028268F2B157
:1068D00031462846904780464DE095F89C020027B7
:1068E000022802D0032843D113E00CB1802C3FD101
:1068F000200604F07F0000EB800005EB800101D54D
:10690000143101E001F5AA7102220F602CE032E09F
:106910002EE0200604F00F0000EB800005EB800065
:1069200009D5808C20B304F07F0000EB800005EBDC
:10693000800614360AE0B0F86401C8B104F07F00A4
:1069400000EB800005EB800606F5AA764CB1802CA2
:1069500007D021462846FFF73DFD10B101203060E9
:1069600000E03760022231462846FFF7D2FA02E003
:106970002846FFF7A9FA4046BDE8F08170B5054604
:10698000087800240E4610F0600003D0202801D0C3
:10699000402827D195F89C02012803D0022801D075
:1069A00003281FD1B088C1B201291AD8C1B2284624
:1069B000FFF778FAFF280CD058B9D5F8B8128A68D2
:1069C0003AB1C5F8D4028A68314628469047044651
:1069D00000E00324F088204307D12846FFF7A6FAF9
:1069E00003E031462846FFF76FFA204670BD704736
:1069F00000487047C01D002070B50A78012302F0DE
:106A00000F054E78AB401B4CD0F81C58012E17D008
:106A100045EA0343C0F81C3800EB4210D0F8002BC5
:106A200012040BD4D0F8002B8B890979C3F30A0325
:106A30001A4344EA81410A43C0F8002B002070BD8C
:106A40009BB21D43C0F81C5800EB4210D0F800392F
:106A50001B04F3D4D0F800398D890979C5F30A05F0
:106A600089042B4341EA82510B432343C0F8003988
:106A7000E4E7000000800010D0F800196FF30A016D
:106A8000C0F80019D0F8041841F48071C0F8041857
:106A90000020704710B5104CFF2020700F48407840
:106AA00060700020A070E07020716071012001F022
:106AB000BDF90068C4F80600002001F0B7F90068CD
:106AC000C4F80A001620A0730D20E0732046BDE82C
:106AD00010401021FAF7D2B9D06F0020CC0100206D
:106AE00070B5044606990A9E049D0D98012916D09A
:106AF000E06840F04000E060204600F02BF8A16B19
:106B00001EB321F48031A163012D07D1A16841F0AA
:106B10000601A160A16841F02001A16070BDA16BD8
:106B200021F48031A163E168094A1140E160E16824
:106B300021F44011E160012803D1E06840F48010A5
:106B4000E060204600F006F8DEE741F48031DAE745
:106B5000BFFFBDFF08B500220D490092009B5B1CE2
:106B600000938B420CD80369002BF7DA009202697C
:106B700042F001020261009A521C00928A4201D93D
:106B8000032008BD0269D207F5D1002008BD00002E
:106B9000400D030030B54C780A78012300EB421217
:106BA000012C2CD0D2F8004B002C0BDAD2F8004B81
:106BB00044F00064C2F8004BD2F8004B44F080442B
:106BC000C2F8004BD0F83C580C7804F00F0403FADC
:106BD00004F425EA0444C0F83C48D0F81C4809787D
:106BE00001F00F018B4024EA0341C0F81C18D2F8D1
:106BF000000B19490840C2F8000B002030BDD2F844
:106C00000049002C0BDAD2F8004944F00064C2F8C5
:106C10000049D2F8004944F08044C2F80049D0F855
:106C20003C480D7805F00F0503FA05F5ADB2AC430D
:106C3000C0F83C48D0F81C48097801F00F018B409F
:106C400099B28C43C0F81C48D2F8000903490840A7
:106C5000C2F80009D1E700000078F3EF007833ECC8
:106C6000D0F8001E21F00301C0F8001ED0F804186F
:106C700021F00201C0F8041800207047D0F8001E6F
:106C800021F00301C0F8001ED0F8041841F0020101
:106C9000C0F80418002070472DE9F04F00250E467B
:106CA0000446DDF82CC0DDF824B0109F28462946A4
:106CB00004EB8002C2F80411401C0F28F8D32046D0
:106CC000C7B1806B20F40012A263A06B40F40022D5
:106CD000A26308468846C4F8000ED4F8001820467F
:106CE000C4F80018BCF1010F16D0D0F8001841F01C
:106CF000030116E0D0F8040840F00202C4F80428AA
:106D0000A06B40F40012A263A06B20F40022A263E7
:106D1000A06B20F48022DBE7D0F800180BB141F023
:106D20000101C0F80018102100F0EEFA00B10125B1
:106D3000204600F0CBFA00B101254046C4F8108887
:106D4000C4F81488C4F81C8800214FF000694FF083
:106D5000904A4FF67F3314E004EB4112D2F800C999
:106D6000BCF1000F06DA11B1C2F800A904E0C4F8C2
:106D7000009901E0C2F80009C2F81009C2F8083908
:106D8000491C8E42E8D8002115E000BF04EB4112F7
:106D9000D2F800CBBCF1000F06DA11B1C2F800AB9B
:106DA00004E0C4F8009B01E0C2F8000BC2F8100B2D
:106DB000C2F8083B491C8E42E8D8D4F8101821F4D8
:106DC0008072C4F81028A0616FF080406061BBF150
:106DD000000F03D1A06940F01000A061A06909492B
:106DE0000843A0610C9818B1A06940F00800A061A8
:106DF000012F03D1A06904490843A0612846BDE8DA
:106E0000F08F000000383C8004000040816821F0D1
:106E1000010181600020704770B50D784E78444CB8
:106E2000EBB200EB4313012E21D0D3F8100B6FF31C
:106E30001200C3F8100BD3F8100B2040C3F8100B4E
:106E4000886908B1C8688861C868C861D3F8100B40
:106E500040F40020C3F8100BD3F8100BCC69C4F336
:106E600012042043C3F8100B012A55D058E08E6954
:106E7000002ED3F8106932D06FF31206C3F81069F0
:106E8000D3F810692640C3F810698E69CC68A64211
:106E900000D98C61D3F8104944F40024C3F8104998
:106EA000D3F810498E69C6F312063443C3F810496B
:106EB000012A22D000EB4512D2F8003943F00443F6
:106EC000C2F800398A6932B3D0F83428097801F061
:106ED0000F03012199400A43C0F8342826E02640D8
:106EE000C3F81069D3F8104944F40024C3F81049DA
:106EF000D3F810496FF31204D8E7496919B100EBD0
:106F00004512C2F8141900EB4510D0F8001941F0F1
:106F10000441C0F8001909E0086908B1C3F8140B6E
:106F2000D3F8000B40F00440C3F8000B002070BD04
:106F3000FFFF07E010B5036C134CA34203D9D0F850
:106F4000003B002B1EDB0023C0F8103BD0F8103BA9
:106F500043F40023C0F8103BD0F8103B43F0180373
:106F6000C0F8103BD0F8103B43F0C043C0F8103BD2
:106F7000012907D1C0F8142BD0F8001B41F0802163
:106F8000C0F8001B002010BD0A30544F4A780B781F
:106F9000012A00EB43100BD0D0F8002B22F4001292
:106FA000C0F8002B0979032914D0022912D017E068
:106FB000D0F8002922F40012C0F800290979032929
:106FC00001D002290CD1D0F8001941F08051C0F84D
:106FD000001905E0D0F8001B41F08051C0F8001BFB
:106FE000002070470A784B78D1B200EB4110012B9A
:106FF00012D0D0F8001B002906DB2AB1D0F8001B04
:1070000021F08041C0F8001BD0F8001B41F40011B2
:10701000C0F8001B00207047D0F80019002906DBDB
:107020002AB1D0F8001921F08041C0F80019D0F839
:10703000001941F40011C0F80019EBE7F8B50C781D
:107040004F78764DE3B26FF0604600EB4313012FAB
:1070500027D0D3F8104B6FF31204C3F8104BD3F8BA
:10706000104B2C40C3F8104B8D69002D75D0CC68A7
:1070700025446D1EB5FBF4F5ADB26C43CC61D3F87D
:10708000104B06EAC5452C43C3F8104BD3F8104B00
:10709000CD69C5F312052C43C3F8104B012A71D0FA
:1070A000A4E08F691FB3D3F810796FF31207C3F808
:1070B0001079D3F810792F40C3F810798F69CD6813
:1070C0002F447F1EB7FBF5F506EAC545D3F81069D6
:1070D0003543C3F81059D3F810598E69C6F3120618
:1070E0003543C3F810590D79012D10D01BE0D3F8AA
:1070F00010692E40C3F81069D3F8105945F40025E3
:10710000C3F81059D3F810596FF3120509E0D3F8FA
:10711000105925F0C045C3F81059D3F8105945F05F
:107120000055C3F81059012A18D000EB4413D3F8C6
:10713000004944F00444C3F800490C79012C2FD0D5
:107140008A6962B3D0F83428097801F00F0301216D
:1071500099400A43C0F834285EE036E04A691AB123
:1071600000EB4413C3F81429097901290FD1D0F891
:107170000818C90500EB4411D1F8002903D442F0E6
:10718000005202E02EE042F08052C1F8002900EBEC
:107190004410D0F8001941F00441C0F800193BE058
:1071A000D0F80848E405D3F8004902D444F000546C
:1071B00001E044F08054C3F8004900920A8B93B276
:1071C0000A78096900F0D0F926E0D3F8104BCD68B1
:1071D000C5F312052C43C3F8104BD3F8104B44F4FD
:1071E000002459E70A690AB1C3F8142B0979012967
:1071F0000CD1D0F80808C005D3F8000B02D440F039
:10720000005001E040F08050C3F8000BD3F8000BB1
:1072100040F00440C3F8000B0020F8BDFFFF07E07A
:1072200038B50022009213464D780A7842F2107465
:1072300000EB4212012D19D0D2F8005B002D3CDA90
:10724000D2F8005B45F00065C2F8005B0A7800EBFD
:107250004212D2F8005B45F08045C2F8005B009A0C
:10726000521C0092A24221D9012326E0D2F80059F3
:10727000002D22DAD2F8005945F00065C2F8005915
:107280000A7800EB4212D2F8005945F08045C2F866
:107290000059009A521C0092A242E5D80A7800EBED
:1072A0004212D2F80029002AF3DB06E00A7800EB4C
:1072B0004212D2F8002B002AD1DB184638BD816873
:1072C00041F00101816000207047000008B50022F4
:1072D0000C490092009B5B1C00938B420AD8036907
:1072E000002BF7DA009210220261009A521C0092E1
:1072F0008A4201D9032008BD0269D206F5D40020D4
:1073000008BD0000400D030018B500230D4A00938E
:10731000009C641C009494420CD80469002CF7DA99
:107320000093202343EA811101610099491C0091D7
:10733000914201D9032018BD01698906F5D40020C6
:1073400018BD0000400D0300D0F8080810F006003A
:1073500004D0022803D0062801D00F207047022055
:107360007047406900F001007047D0F81818D0F855
:107370001C08084080B27047D0F81818D0F81C08D4
:107380000840000C704710B5D0F81038D0F83428F9
:1073900001F00F0400EB4110E24002F00102D0F8CE
:1073A000080943EAC212104010BD00EB4111D1F8A8
:1073B000081BD0F8140808407047416980690840EC
:1073C000704730B503460846940802F003010022D6
:1073D00003F5805303E01D6840F8045B521CA24291
:1073E000F9D300290BD01C680022D50024FA05F33C
:1073F000491E521C090400F8013B090CF5D130BDAF
:1074000070B50446C068002520F0C040E060012946
:1074100001D079B120E0E06840F00050E060012048
:10742000FAF76CFC60696D1C10F0010F10D1322D61
:10743000F5D30DE0E06840F08040E0600120FAF70D
:107440005DFC60696D1C10F0010F01D0322DF5D389
:10745000322D01D0002070BD012070BDD0F8002871
:1074600022F4FE62C0F80028D0F800284FF4FE6332
:1074700003EA01110A43C0F8002800207047000009
:10748000022A3ED1264A274B0A449A4201D20F21B2
:1074900038E0254A254B0A449A4201D20E2131E0B8
:1074A000234A244B0A449A4201D20D212AE0224A5F
:1074B000224B0A449A4201D20C2123E0204A214B5C
:1074C0000A449A4201D20B211CE01F4A1F4B0A4476
:1074D0009A4201D20A2115E01D4A1E4B0A449A42E3
:1074E0000FD31D4A1D4B0A449A4201D2082109E0DC
:1074F0001B4A11441B4A914201D2072102E0062196
:1075000000E00921C26822F47052C260C2684FF4E0
:10751000705303EA81210A43C260002070470000D3
:10752000405327FF00350C00401E1BFF40420F0058
:1075300000DC0BFF804F1200808CF9FE20D6130078
:1075400060B6E5FE60E3160000D3CEFE40771B0078
:10755000C05BB3FEC091210000CA91FE20753800C7
:10756000E05459FEE09C410010B5029C74B9DB1C4C
:107570009C0800EB0230002300F5805004E000BFBF
:1075800051F8042B02605B1CA342F9D3002010BD0C
:10759000FEE730B50C4605000CD0022C0AD9FF22BC
:1075A000611EF9F7FFFC291911F8011C814201D174
:1075B000012030BD002030BD10B500F0B5FC014900
:1075C000086010BDB801002003480622014680EC87
:1075D000060A024802F02AB8986A00204C060020E9
:1075E0004100080218BF04200A0E18BF40F0010035
:1075F0004FF07F4232EA010108BF40F0020001284B
:1076000008BF052070470907090E002804DB00F1B8
:10761000E02080F80014704700F00F0000F1E02037
:1076200080F8141D7047000010B54FF00E402DED8E
:10763000028BB0EE408A18EE104A00EB4400B0F125
:10764000506F4AD84FF0FC40B0EB440F22D2B0EE5E
:10765000C80AF7EE000A30EEC00AF6EE000A60EE45
:10766000208A18EE900A01F05BFE01EE100A14F079
:10767000004F1DBFDFED2D0A9FED2D0AB1EE411A1F
:10768000DFED2C0A08BF9FED2C0AF8EE001A21EE60
:10769000218A05E0DFED290A68EE088AB0EE600A6B
:1076A0009FED271ADFED271A30EE080A48EE811AFF
:1076B0009FED251A08EEA11ADFED241A48EE811A73
:1076C0009FED231A08EEA11A68EE281ABDEC028B72
:1076D00001EE810A30EE200A10BD4FF0E440B0EB1D
:1076E000440F0CD918EE100AFFF77AFF042808BFE0
:1076F00000F066F9B0EE480ABDEC028B10BD4FF009
:107700007F40B0EB440F07D2B0EE480ABDEC028BCD
:10771000BDE8104000F046B90120F9F730F8BDECA3
:10772000028BBDE8104000F043B900000000C9BF63
:1077300022AAFDB90000C93F22AAFD3900000000BD
:1077400024FE1C3DC78AD83C1E67383D1B93993DDB
:10775000AFAA2A3E10EE100A10B510EE901A4FF0A4
:10776000684202EB40032DED028BB3F1654F3CBF45
:1077700002EB4102B2F1654F7CD200BFC0F3C753A8
:10778000C1F3C7529A1A1B2A09DD10F0004F14BF2B
:107790009FED6E0A9FED6E0ABDEC028B10BD12F1DB
:1077A0001A0F1BDA11F0004F09D010F0004F0CBF78
:1077B0009FED680A9FED680ABDEC028B10BD80EE5C
:1077C000208A18EE100AFFF70BFF042808BF00F00C
:1077D000F7F8B0EE480ABDEC028B10BD4200B2EBE8
:1077E000410F37D910F0004F19BFDFED5C1A9FED44
:1077F0005C1ADFED5C1A9FED5C1AB0EE602A0A4657
:10780000F1EE400A80F00041B0EE420A10460A1A3A
:107810005200B2F1807F34D2484010F0004FDFEDCB
:10782000532A9FED533A1DBFBEEE002A71EEE21AB5
:1078300031EE431AB6EE002A04BF71EEA21A31EE01
:10784000031AF0EE402A42EE602A40EE020A82EE6F
:10785000A02A18E011F0004F04BF9FED461AF0EE89
:10786000411AD4D010F0004F1CBFDFED431A9FED3A
:10787000431A00E026E004BFDFED411A9FED411AF4
:10788000C5E780EE202A22EE020ADFED3F0ADFED97
:107890003F2ABDEC028B40EE202ADFED3D0A40EE90
:1078A000220ADFED3C2A40EE202ADFED3B0A40EEC3
:1078B000220A22EE000A00EE201A31EE020A30EE11
:1078C000210A10BD4FF07F42B2EB400F28BFB2EB50
:1078D000410F05D2BDEC028BBDE8104000F065B849
:1078E00040EA01035B0008BF41F0FF410BD0B2EB5F
:1078F000400F08BFB2EB410F08D120F0804000EEEE
:10790000100A21F0804100EE901A37E7B2EB400FE9
:1079100012BF5FEA410240F0FF4001F000413FF436
:107920002DAF4A0092EA40033FF528AF002AACBFD2
:107930009FED1A1A9FED1A1A20EE010A60EE810AD5
:1079400010EE100A10EE901A18E70000DB0FC9BF06
:10795000DB0FC93FDB0F4940DB0F49C00000C9BF47
:1079600022AAFDB90000C93F22AAFD390060ED3E00
:10797000C30ACE3700000000000049C022AA7DBA29
:107980000000494022AA7D3A2DAD65BD8FB8D53D96
:107990000FB511BE61C84C3EA8AAAABE0000804F18
:1079A0000000802F30EE000A704730EE200A70474A
:1079B000DFED020A80EEA00A704700000000000020
:1079C0009FED020A20EE000A704700000000001040
:1079D00010EE100A0749DFED080A884202DD30EE9A
:1079E000600A704710EE100A04498842F9D930EE57
:1079F000200A7047000034430000B443000034C341
:107A00002DE9F0410024F9F737F88020F9F748F91B
:107A10005520F9F745F95520F9F742F9F9F724F817
:107A20009620F9F750F8F9F727F88020F9F738F998
:107A30005520F9F735F95520F9F732F9F9F714F827
:107A40009620F9F740F8F9F717F8B6217E20F9F7F4
:107A500037F9F9F709F85020F9F729F8F9F70CF890
:107A60008020F9F71DF95520F9F71AF95520F9F793
:107A700017F9F8F7F9FF9620F9F725F8F8F7FCFF62
:107A80008020F9F70DF95520F9F70AF95520F9F793
:107A900007F90546F8F7E8FF9620F9F714F81E2DC8
:107AA00002D0FF20BDE8F081184D00BFF8F7E4FFD9
:107AB00004EB44067719A85D7978F9F701F9F8F72E
:107AC000D3FF9620F8F7FFFFF8F7D6FFA85D40F048
:107AD0008000F9F7E5F85520F9F7E2F85520F9F7B5
:107AE000DFF80646F8F7C0FF9620F8F7ECFF787845
:107AF000B04204D004EB440028448078D2E7641CF0
:107B0000E4B2062CD2D30020CCE70000F80100201C
:107B1000F8B500248DF80040F8F7C0FF6946002052
:107B2000F9F7B2F8F8F7B2FF9620F8F7CCFFF8F7BC
:107B3000B5FF69460020F9F7A7F8F8F7A7FF9620E8
:107B4000F8F7C1FFF8F7AAFFB6211420F9F7B8F843
:107B5000F8F79CFF5020F8F7AAFFF8F79FFF694657
:107B60000020F9F791F8F8F791FF9620F8F7ABFFAE
:107B7000F8F794FF69460020F9F786F8F8F786FFD2
:107B80009620F8F7A0FF9DF800000F2801D0FF20F5
:107B9000F8BD154DF8F782FF04EB44067719A85D90
:107BA0007978F9F78DF8F8F771FF9620F8F78BFFE1
:107BB000F8F774FFA85D6946F9F766F8F8F766FF0D
:107BC0009620F8F780FF78789DF80010884204D05E
:107BD00004EB440028448078F8BD641CE4B2062C11
:107BE000D8D30020F8BD00000A020020024900207E
:107BF0000968C8637047000004060020024A136841
:107C000098621068C16370470406002000B58BB00D
:107C100000200121CDE90601089100900190029019
:107C200003900590049069460C48F9F707FB0B4850
:107C3000F9F79CFE02210948F9F78AFA0E2009900B
:107C4000059069460648F9F7F9FA0548F9F78EFEF6
:107C500002210348F9F77CFA0BB000BD9C04002018
:107C6000C4040020FEF716FFF9F7AAF9022000F07D
:107C70004DFEF7E700EBC00110B5114800EB8104A1
:107C80002068606001F0D2FD2060E17C4A0603D5E7
:107C900021F04001E174E060A06958B1804748B12B
:107CA000E07C40F0A000E074206A002806D0BDE827
:107CB00010400047E07C20F08000E07410BD000020
:107CC000DC610020F0B58BB004462C2219496846CF
:107CD000F8F7A2FC0022184D10466B4602EB420654
:107CE00002EBC20105EB810133F816C00F8A03EBEA
:107CF00046066CF30B070F82B6F802C0B1F811709C
:107D0000521C6CF30F17A1F811703779CE7C886183
:107D100067F34406C861086246F0E106CE74486124
:107D20000C604C608C60D2B2CC60072AD6D30BB00A
:107D3000F0BD0000C4A60008DC61002001F076FD63
:107D4000374E7060FFF7BEFF392001F0DDFB4FF0CA
:107D50000708344D01F06AFD706086F8008095F8E0
:107D60000F01002420F0600085F80F0104EBC4002F
:107D700005EB8000C17CCA074BD003687268B0F87D
:107D800010C0D71ACCF30B0C67451DD98B0603D452
:107D900041F06001C17482603278C17C02EBC202A2
:107DA00005EB8202C1F34301D27CC2F3430291424C
:107DB00000D9347095F80F1141F0600185F80F116A
:107DC000C06930B3804724E0C76821F04001D21B6E
:107DD000B0F81170B2EB171F03D241F02001C1744B
:107DE00017E0C1740A0602D541F0200101E021F03C
:107DF0002001C17441688B420BD9591A00EE101A48
:107E00009FED091AF8EE400A81EE200A10EE101AD2
:107E10004161641C072CA9DB0A2001F075FB99E77E
:107E20008C010020DC61002000007A44034900F04E
:107E3000030001EB80002430704700005C680020E4
:107E4000004870475C6800202DE9F0411D462DED8B
:107E5000028BB7EE008A90ED000A90ED011AF0EE69
:107E6000008A60EE001AF0EE480A16460F4641EE10
:107E7000011A044651EEA80AD0ED031A20EE210A99
:107E8000D0ED021A01EE210A20EE280AFFF762FC6B
:107E900087ED000A94ED010AD4ED030A94ED021A6D
:107EA00020EE200AD4ED000A00EEC10AF8EE000A26
:107EB00020EE200AFFF7B8FB86ED000A94ED001AC9
:107EC00094ED030AF0EE480A61EE011A40EE001A42
:107ED00051EEA80AD4ED011A21EE211AD4ED021AAE
:107EE00001EE801A21EE280AFFF734FC85ED000A26
:107EF000BDEC028BBDE8F081024900EB800001EB94
:107F0000400070470070002000487047F66F002066
:107F100000487047EC6F002000487047E06F002079
:107F200000487047B06A0020004870476C6A002023
:107F300000B5020014D01848824212D110EE100A87
:107F40001649DFED170A884201DD30EE600A154957
:107F500010EE100A884201D930EE200A82EDA30A01
:107F600000BD11488242FBD192EDA01AD2ED9E0ACB
:107F7000B4EEE01AF1EE10FA06DAD2ED9F0AB4EE92
:107F8000E01AF1EE10FA01D8B0EE600AFFF720FD1A
:107F9000B1EE400AE2E7000008630020000034432D
:107FA0000000B443000034C3A8650020002812D0AC
:107FB000002910D0002A0ED092F84C35042B0BD09B
:107FC000062B08D1054A92ED020A80ED000A92EDD7
:107FD000010A81ED000A704700F052B8E06F0020FE
:107FE00010B504000CD000F011F894F84C050428EA
:107FF00007D0062804D1022084F8800284F82005E6
:1080000010BD002084F880020120F7E72DE9F0413F
:10801000040017D060680425807A032801D184F811
:108020004C55002001F09CF9144F062618B106208B
:1080300001F096F9C8B1002001F092F938B10AE0D8
:1080400084F84C65BDE8F08184F84C55FAE7606827
:10805000807A012809D06068807A0228F2D1032052
:1080600001F07EF90028EBD0ECE7F8790128EBD19C
:10807000032001F075F90028E6D1E1E7C4010020F2
:1080800070B500284CD000294AD0002A48D0536847
:108090000024244AB3F9005005F10A06152E01D335
:1080A000158000E01480B3F9023003F10A05152DA4
:1080B00001D3538000E05480B2F90030DFED1A0A9A
:1080C00000EE103A194BB8EEC00AB3F9004060EE6A
:1080D000200A00EE104AB8EEC01A9FED150A41EED4
:1080E000400A9FED141AC0ED000AB2F90220524274
:1080F00000EE902AB3F90220F8EEE00A60EE810A61
:1081000001EE102AB8EEC11A41EE000AC1ED000AD4
:108110000949097A002903D09FED080A80ED000A79
:1081200070BD00009C0100206F1283BAC4010020C2
:108130000AD7A33B6F12833A106B00200000344330
:10814000002815D0D0EDA10A30EE800A80EDA10AFA
:10815000D0ED9E0AB4EEE00AF1EE10FA06DCD0EDA6
:108160009F0AB4EEE00AF1EE10FA01D2C0EDA10AC6
:10817000704770B504002DD0A06804F5806590EDBF
:108180000A0AB1EE400A85ED4D0AD4F8AC02B4F803
:108190002215008800F098FBB1EE400A85ED4B0AED
:1081A000A06890ED060AB1EE400A85ED4F0A90ED09
:1081B000090A84EDA50AE068B4F88212008800F08C
:1081C00083FBB1EE400A84EDA30AA06890ED070A94
:1081D00084EDA70A70BD000000B5B0EE401A0200A1
:1081E0001CD02C4882421AD192EDA30A2A49DFED15
:1081F0002B0A30EE010A10EE100A82EDA30A884223
:1082000001DD30EE600A264910EE100A82EDA30A65
:10821000884201D930EE200A82EDA30A00BD214830
:108220008242FBD192EDA30AD2EDA20A30EE600A9F
:10823000FFF7CEFB1C4880ED000AD2EDA00A92EDBC
:108240009E2A70EE801A71EE811AF4EEC21AF1EED7
:1082500010FA05DDB5EEC01AF1EE10FA0CDC0FE0F5
:1082600092ED9F2AF4EEC21AF1EE10FA08D2B5EEA2
:10827000C01AF1EE10FA03D272EE600A30EEC01AA4
:1082800092EDA30A80ED010A30EE010AFFF7A0FB90
:10829000C2E7000008630020000034430000B4433C
:1082A000000034C3A865002094010020F0B5044606
:1082B0002DED068B81B040F6E176DFED6D8A9FED06
:1082C0006D8A40F6C227FFF723FEE060FFF71CFE31
:1082D000C4F8AC02FFF7B4FDA060FFF721FE6060B8
:1082E000FFF71AFE002520609FED639AF0EE490A21
:1082F0009FED62AA624B0122B0EE4A0A294604F5BC
:108300002C700095FCF73EFEF0EE490ADFED5D9A19
:108310005B4B0122B0EE690A0C3B002104F546706C
:108320000095FCF72FFE564BF6EE000AB0EE4A0A17
:1083300018330122002104F560700095FCF722FE3D
:108340004F4BF0EE490AB0EE690A0C3301220021CE
:1083500004F57A700095FCF715FE494BF0EE490ADA
:10836000B0EE4A0A30330122002104F58A600095FC
:10837000FCF708FE424BF0EE490AB0EE690A2433DE
:108380000122002104F597600095FCF7FBFD9FEDAD
:108390003FAA3B4B0022DFED3C0AB0EE4A0A303BDD
:1083A000114604F110000095FCF7ECFD344BF0EEA3
:1083B000490AB0EE690A3C3B0122002104F1780031
:1083C0000095FCF7DFFD2E4B0022F0EE490AB0EEDF
:1083D0004A0A183B114604F5D8700095FCF7D2FD07
:1083E000274BF0EE490AB0EE690A243B0122002136
:1083F00004F506700095FCF7C5FDF5EEC08A042073
:10840000F1EE10FA84F84C05A4F8226501D2DFEDF4
:10841000208AB5EEC08AF1EE10FA01D29FED1D8AD6
:10842000BCEEE80A314610EE100A80B200F04CFAB9
:1084300004F58065B1EE400A85ED490ABCEEC80A34
:10844000314610EE100A80B200F03EFAB1EE400A5A
:1084500085ED4A0AA4F882722046FFF78AFE85ED70
:108460004C9A84EDA49A01B0BDEC068BF0BD0000DF
:1084700000F06D4500A88C4500000000000020427F
:108480002CA700080060EA46CDCCCC3D0000B443E8
:1084900000783B460050464610B5040019D0D4ED94
:1084A000A30A94EDA20A04F5D270FCF775FC84EDE2
:1084B000A50AF0EE400A94EDA40A04F50370FCF757
:1084C0006BFC84EDA60ABDEEC00A10EE100AA4F8FB
:1084D0009C0210BD10B5040019D0D4EDA10A94ED92
:1084E000A00A04F1D400FCF757FC84EDA50AF0EED5
:1084F000400A94EDA40A04F59E70FCF74DFC84ED4F
:10850000A60ABDEEC00A10EE100AA4F89C0210BD27
:1085100010B5040012D0D4EDA30A94EDA20A201DD8
:10852000FCF73AFC84EDA50AF0EE400A94EDA40AAB
:1085300004F16C00FCF730FC84EDA60A10BD0000CD
:108540001CB504002FD002469FED1C0A01A98DED39
:10855000000A8DED010A6846FFF728FD94F88012A5
:1085600004F10C0021B1012907D002290AD00DE045
:108570009DED000AFFF730FE08E09DED000AFFF7D1
:10858000DFFD03E09DED000AFFF7D2FC94F8201513
:1085900004F52B7041B101290BD0022903D19DEDC7
:1085A000010AFFF7C5FC1CBD9DED010AFFF714FE93
:1085B0001CBD9DED010AFFF7C3FD1CBD00000000BE
:1085C0004FF4FA6000F0A2F94348FFF76FFE424C07
:1085D000424E04F10C0804F52B7504F580643E4806
:1085E000FFF7FEFC3C4991F84D0591F84C2590426F
:1085F0001BD091EDA50A81EDA60A91EDA30A81EDAC
:10860000A40A91F8800281F8810294ED4D0A84ED6C
:108610004E0A94ED4B0A84ED4C0A91F8200581F83E
:10862000210591F84C0581F84D052B48FFF7A1FD78
:108630002948FFF785FF284F97F8800220B10128CD
:1086400006D0022808D00AE04046FFF761FF06E0A6
:108650004046FFF73FFF02E04046FFF71DFF97F857
:10866000200520B1012806D0022808D00AE02846BB
:10867000FFF74EFF06E02846FFF72CFF02E02846F2
:10868000FFF70AFF307818B9002000F069FE30B912
:108690003078012808D1062000F062FE20B10020C9
:1086A000F8F77AFB002010E00B4890EDA90ABDEE28
:1086B000C00A10EE100A00B2F8F76EFB94ED510AF2
:1086C000BDEEC00A10EE100A00B2F8F74BFB022014
:1086D00000F01CF983E70000FC620020C0010020CC
:1086E0002DE9F0479FED280A284D80ED000A80ED26
:1086F000010A044644F6206680ED020A002705F1CF
:10870000100905F114084A46291D4046F8F7FEF9FC
:1087100094ED000AD5ED050A7F1CBFB230EE200AA9
:10872000B74284ED000A94ED010AD5ED060A30EE59
:10873000200A84ED010A94ED020AD5ED070A30EE15
:10874000200A84ED020ADED300EE106AD4ED000A9E
:10875000B8EE400A80EE801A00EE106AB8EE400AC9
:1087600084ED001AD4ED010A80EE801A00EE106A42
:10877000B8EE400A84ED011AD4ED020A80EE801AA8
:1087800084ED021ABDE8F087000000005C6800205C
:1087900090ED000AD1ED000A30EE600A80ED000A8B
:1087A00090ED010AD1ED010A30EE600A80ED010A78
:1087B00090ED020AD1ED020A30EE600A80ED020A65
:1087C0007047000010EE100AF6EE000A074960EE4E
:1087D000200AA1EB600000EE100A20EE801AF7EEEE
:1087E000080A41EE400A20EE800A7047DF59375FE1
:1087F0001A4C1B4EA51F1B4FF8F756FBA9781848BB
:10880000FBF78EFEA87888B101281AD11648B0F877
:108810008A142180B0F88C146180B0F88E14A18085
:1088200090F89014A17190F8910409E00F488189A3
:108830002180C1896180018AA180817CA171C07C75
:10884000E071F07A20B16878401C00F00100687097
:10885000687838700A2000F059F8CDE7C40100208C
:10886000106B0020CD010020386B0020B06A002082
:10887000F9F762FBFCF7C8FCFBF78CFFFBF7F6FE91
:10888000FBF7B2FEFBF7D2FEFBF7E4FFFCF706F8BE
:10889000FCF750F8FCF76AF8FCF786F8FCF7A0F84C
:1088A00000F008FBF8F716FAFFF7B0F9FCF7FAFB4F
:1088B000FBF71AFF00F031F8FEE70146002084299B
:1088C00000D0C81C70470000401AB0F5805F03DD7F
:1088D000A0F5F850FF3805E010F5805F02DA41F6A8
:1088E000FF71084400EE100ADFED030AB8EEC00A7B
:1088F00020EE200A704700000000343DB5EEC00AAB
:10890000F1EE10FA01D2B1EE400A704710B500B98D
:10891000012000F0F9FD002010BD10B500F01AFE96
:10892000002010BD7FB50D4604464169B0F908002E
:1089300081B1A16971B1FFF7C0FFD4E905128DE8DB
:108940000700D4E900102B46226900F044FF039091
:1089500004B070BDFFF7B1FF03A9CDE90001208A83
:108960002B4682B2D4E9001000F008FF012801D0A4
:108970000020EDE70398EBE72DE9F041184C0F4696
:108980000546E6682068001D00F0F6FC38B920684E
:1089900090F82C1001208840216981432161681CD6
:1089A00007D137B12168BDE8F0410E48091D00F03C
:1089B00027BD20683544B5424560216805D2A06BCB
:1089C000BDE8F041091D00F003BD606B091D00F01A
:1089D000FFFCA06A854200D2A562BDE8F0810000DC
:1089E00094000020C82500202DE9F041054600F044
:1089F00013FD2E4CA068401CA06020682C4F10B1C5
:108A0000606940B32DE02560A068012829D10026C7
:108A100006EB860007EB800000F0CCFC761C072EEE
:108A2000F6D323488C3000F0C5FC2148A03000F07C
:108A3000C1FC1F48B43000F0BDFC1D48C83000F038
:108A4000B9FC1B48DC3000F0B5FC19488C30606381
:108A50001430A06305E02068E96AC06A884200D843
:108A60002560606A401C6062E96A012022698840D2
:108A70001043206101EB810007EB8000291D00F00D
:108A8000BFFC00F0E9FC606900280CD02068E96AAE
:108A9000C06A884207D207494FF080500860BFF390
:108AA0004F8FBFF36F8FBDE8F0810000940000206E
:108AB000EC24002004ED00E010B5044690F85100CD
:108AC00058B101280CD002280FD0502080F3118813
:108AD000BFF34F8FBFF36F8FFEE7206B00F0D0FC2A
:108AE0002046BDE8104000F0CBBC10BD10484FF44C
:108AF0007051420706D0C01D0D4920F00700411AF1
:108B0000C1F570510B4A00230144C2E90003083942
:108B1000183A21F0070111604B600B600B1AC0E995
:108B2000001393604FF000405360506170470000A5
:108B3000DC250020E8000020144E154CA6F1C807E3
:108B40004FF08058DFF84C9012E000BF00F064FC5A
:108B5000F068C568281D00F00FFCA068401EA060EA
:108B60006068401E606000F077FC2846FFF7A4FFB5
:108B700060680028EAD138680128F9D9C9F800806E
:108B8000BFF34F8FBFF36F8FF2E70000B4250020D3
:108B90009400002004ED00E02DE9F0479A46DDE95D
:108BA000098481466FF00303206B03EB82021044BB
:108BB000089E20F00707780707D0502080F311881F
:108BC000BFF34F8FBFF36F8FFEE7002561B1002029
:108BD00023180A5C83F834200A5C12B1401C102868
:108BE000F6D384F8435001E084F83450072E00D3C4
:108BF0000626E662C4E91165201D00F0E6FB04F1DB
:108C0000180000F0E2FB2461C6F107006462A06175
:108C1000E56484F8505052464946384600F0C0F8A2
:108C20002060B8F1000F01D0C8F80040BDE8F0871F
:108C300030B5114900E011460A688242FBD34B6807
:108C40005C18844203D14068184448600846436871
:108C50001C18944209D1084C183C2468A24209D03F
:108C600052681A4442600A6812680260814200D069
:108C7000086030BD0460F9E7E80000200648416B59
:108C8000096829B1416BC968C96849688162704740
:108C90004FF0FF31FAE700009400002008484068D8
:108CA000401C4FF0500080F3118804D0BFF34F8F69
:108CB000BFF36F8FFEE7BFF34F8FBFF36F8FFEE7FA
:108CC000F00000202DE9F0410546002700F078FC77
:108CD000324E306808B9FFF709FF706905424ED17E
:108CE000C5B3083568070ED005F00700C0F10800CD
:108CF0000544680707D0502080F31188BFF34F8FD9
:108D0000BFF36F8FFEE72DB37068854237D82348D5
:108D1000183001460C6801E020460C466168A94203
:108D200002D221680029F7D131688C4227D0076828
:108D30002168016060680837411B10290FD960194C
:108D4000420708D0502080F31188BFF34F8FBFF344
:108D50006F8FFEE713E041606560FFF769FF6168B0
:108D60007068401A7060B268904200D2B06070695A
:108D700001430020C4E90001F068401CF06000F0ED
:108D8000C1FD780707D0502080F31188BFF34F8FC3
:108D9000BFF36F8FFEE73846BDE8F081D0000020BA
:108DA00010B5031F4FF080741C601B1F21F00101E0
:108DB0001960191F044B0B6014390A60091F6FF00A
:108DC000020244380A6010BD9D8C0008F0B5334C97
:108DD000059F25686E6946F040066E6125686E69DC
:108DE00046F080066E612468E56845F01005E56090
:108DF0002B4C25682E6826F001062E6025682E680B
:108E0000F607F7D1DFF89CE04FF40066754504D90A
:108E1000DFF890C0ACF14C0C07E0DFF88CC0654582
:108E200006D9DFF880C0ACF1500CCCF800600EE041
:108E3000DFF874E0DFF870C0AEF1600EACF1B80C92
:108E4000754502D9CCF80C6001E0CCF80860174EEB
:108E5000AE602568E8602068016120684260206893
:108E6000016841F4802101602068016841F001013E
:108E700001600F4801680A6822F001020A60016877
:108E80000A68D207F7D18E600168CB6001684F6035
:108E90000068016841F001010160F0BDD4060020C6
:108EA0007807002058640240B86002400414014072
:108EB000D807002002492422A1F12400FCF78AB837
:108EC000EC6A0020F0B5002855D0002953D0027874
:108ED000437842EA0322C2F30A020A804378847884
:108EE000DB0843EA4413C3F30A034B808478C57854
:108EF000A40944EA8504057944EA8524C4F30A04F4
:108F00008C80057946796D0845EAC615C5F30A05D2
:108F1000CD804679C6F301168E724679B609CE72B7
:108F20008679C77946EA07268E81067A477A46EA25
:108F30000726CE81867AC77A46EA07260E82067B06
:108F40008E74467BCE74867BC77B46EA07268E826C
:108F5000067C407CA2F580620A80A3F580634B808A
:108F6000A4F5806446EA00208C80A5F58065CD805C
:108F7000A0F580600881F0BD10B504002DED028BD6
:108F800040D054F8080FB0F9020000F07FFE9FEDCA
:108F90001F8B53EC182B00F091FE00F015FD606064
:108FA000A06FB0F9020000F071FE53EC182B00F036
:108FB00085FE00F009FDE06794ED5F0A154884ED39
:108FC000600ADFED150A90ED000A80EE201AB3EE7C
:108FD000090A21EE000A84ED5E0A90ED010A0F48AD
:108FE00084ED5F0A90ED030A80ED580A90ED210AA6
:108FF00080ED590A90ED040A80ED5B0A90ED220A9B
:1090000080ED5C0ABDEC028B10BD00004D463AA815
:1090100069BC693FD001002000FF7F470C69002038
:109020002DE9F05F04007AD0DFF88091604EDFF820
:1090300084B199F80000002501274FF0020818B903
:10904000002000F08DF938B999F8000001280AD104
:10905000062000F085F930B184F8787184F87C51ED
:1090600084F87A8108E094F87C01012804D19BF807
:10907000060008B1377000E0357094F878014FF0C1
:10908000030A41F288324FF4257340B994F87C11F9
:10909000012904D1317811B184F87AA10CE041465C
:1090A00084F87A81012801D030B114E084F87C5131
:1090B00084F87A1175800EE02168B1F908109142A8
:1090C00009DB7088401C80B27080642828D384F843
:1090D000787175800AE02168B1F90810994203D1CE
:1090E00084F8785175801BE07580C8B184F87C5194
:1090F000BBF8041019B184F8785184F87C712E49BA
:10910000897A19B184F8787184F87C512B4991F8E7
:109110004C15062918D094F8781149B137E043E08E
:109120002068B0F908009042E2DB84F87C71DFE748
:1091300094F87C1101292AD12168B1F908109942CB
:1091400021D09BF806001DE099F8000018B9002016
:1091500000F006F938B999F8000001280AD1062074
:1091600000F0FEF830B184F8787184F87C5184F80E
:109170007A810CE094F87C01012808D110483178FC
:109180008078084318B1504684F87AA102E040463E
:1091900084F87A8184F87B0194F87C0184F87D015D
:1091A00094F8780184F87901BDE8F09FC0010020AF
:1091B000AC010020C4010020106B0020FC620020E4
:1091C000E06F002010B5040012D00A48844202D09B
:1091D000783084420CD1D4ED020A94ED010A04F1F6
:1091E0000E00FAF7FDFFBDEEC00A10EE100AA081D6
:1091F00010BD000014690020FFF712BF2DED048B95
:109200004FF4FA7000F080F93E4C0020FEF774FE37
:10921000A0600120FEF770FEC4F88000FEF780FE1B
:109220009FED398ADFED398A9FED399A2060F0EEA3
:10923000481AB3EE041AF0EE680AB0EE490A354A4D
:10924000002104F11600FBF745F9324AF0EE481A06
:10925000B3EE041AF0EE680AB0EE490A0C320021AF
:1092600004F18E00FBF736F9012084F87801022022
:1092700084F87A01002084F87C012046FFF77CFE08
:109280002046254E00F1080400F180051D48FFF737
:1092900073FE1C48FFF7B0FF1A4890F87C1111B11B
:1092A000012905D00DE080ED048A80ED228A08E0D6
:1092B0001A4991ED000A80ED040A91ED010A80ED52
:1092C000220A2046FFF77EFF2846FFF77BFF307813
:1092D00018B9002000F044F830B93078012806D1E0
:1092E000062000F03DF810B10021084604E00548D2
:1092F000B0F98C10B0F91400F7F718FD0A20FFF749
:1093000005FBC3E70C690020000000000000964345
:109310000000804674A70008C0010020B0010020B2
:1093200010B500EE100A2DED028BB1EEC08A18EEDA
:10933000100A20F00040C0F1FF40C00F0AD010EE2C
:10934000100A20F00040C0F1FF40C00F04BF012010
:10935000F7F715FA18EE100ABDEC028B10BD0000ED
:10936000044900EBC00001EB8000C07CC0F340105A
:1093700070470000DC610020D0E9013201699A6089
:10938000D0E901235A604A68824201D182684A606A
:10939000002202610868401E0860086870470000EB
:1093A000034B036003F15400086080201060704795
:1093B0004802002000F108014FF0FF32C0E901121D
:1093C000C1600161002101607047002101617047A7
:1093D00030B50B685A1C02D000F1080202E00269A5
:1093E00004E02246546825689D42FAD953684B60D0
:1093F00099608A60516008610168491C016030BD54
:1094000042684A6093688B60936859609160086114
:109410000168491C01607047502080F31188BFF338
:109420004F8FBFF36F8F0A494868401C486001287E
:109430000CD10848006810F0FF0F07D0502080F3CF
:109440001188BFF34F8FBFF36F8FFEE770470000A7
:10945000F000002004ED00E00849486828B1401EF3
:10946000486001D180F311887047502080F3118843
:10947000BFF34F8FBFF36F8FFEE70000F0000020B7
:1094800070B500282AD0164DA0F1080460686969FB
:10949000084207D1502080F31188BFF34F8FBFF3EC
:1094A0006F8FFEE722683AB1502080F31188BFF336
:1094B0004F8FBFF36F8FFEE78843606000F080F846
:1094C00060686968084468602046FFF7B1FB286956
:1094D000401C2861BDE8704000F014BA70BD000067
:1094E000D00000204FF0E02000210161816105499A
:1094F0004FF47A720968B1FBF2F1491E416107210C
:10950000016170479000002010B5020014D00F4890
:10951000006B38B1502080F31188BFF34F8FBFF339
:109520006F8FFEE700F04CF800211046FFF724FA99
:1095300000F0E8F9002807D105494FF08050086095
:10954000BFF34F8FBFF36F8F10BD0000940000205A
:1095500004ED00E010B586B00024039405AA04A928
:1095600003A80494FFF71CFFDDE903010094CDE993
:10957000011000230EA11048059A00F02CF90F49A4
:109580000028C86211D0502080F31188BFF34F8F9C
:10959000BFF36F8F4FF0FF30886201204861CC60CD
:1095A00006B0BDE8104000F06FB806B010BD000076
:1095B00049444C4500000000398B0008940000200D
:1095C0000248016B491C01637047000094000020B1
:1095D0001448016B11B10121C16170470021C161C3
:1095E0000169B1FA81F1C1F11F0101EB81020E495C
:1095F00051F822306BB101EB820101F108034A6896
:1096000052684A609A4201D152684A60D16801604A
:109610007047502080F31188BFF34F8FBFF36F8FD7
:10962000FEE7000094000020EC24002030B58BB051
:1096300000236C4602E0CD5CE5545B1CB3EB820F6B
:10964000F9DB0021E1545B1CE1545B1C8021E154F7
:109650005B1C7F21E154042101EB82018AB24FF4AB
:109660007A732146FAF7B2FC0BB030BDFDF7A4FFC8
:10967000044C206890EC060AFDF7A6FF0520FFF7D2
:1096800043FFF6E7B80100201CB537480168374AA8
:10969000914207D1502080F31188BFF34F8FBFF361
:1096A0006F8FFEE700683149491E884207D150207C
:1096B00080F31188BFF34F8FBFF36F8FFEE72C4904
:1096C00008780190FF20087008788DF800009DF858
:1096D00000009DF8002000F0F000904207D05020DC
:1096E00080F31188BFF34F8FBFF36F8FFEE79DF8B4
:1096F0000000204C00F0500020700720A06005E022
:109700009DF8002052008DF80020401E9DF800209A
:109710001206F5D4A060032807D0502080F31188EA
:10972000BFF34F8FBFF36F8FFEE74FF44070A06021
:10973000019808700C482030016841F47001016004
:10974000016841F070410160FFF7CCFE00206060CD
:10975000F6F7B2FD0848016841F040410160F6F7B4
:1097600097FD00201CBD000000ED00E071C20F411C
:1097700000E400E0F000002034EF00E02DE9FF5F9E
:109780008346DDE90E87994616468A469000FFF724
:1097900099FA05001CD05420FFF794FA040014D065
:1097A0000020256384F85100CDE90240CDE900870F
:1097B0004B46324651465846FFF7EEF92046FFF732
:1097C00013F9012004B0BDE8F09F2846FFF758FECA
:1097D0004FF0FF30F6E7F0B585B0DDE90B640A9D88
:1097E000A6B1DCB1542700972663022684F85160A5
:1097F000002604AFCDE90246CDE90057FFF7CCF9CA
:109800002046FFF7F1F8049805B0F0BD502080F332
:109810001188BFF34F8FBFF36F8FFEE7502080F3A7
:109820001188BFF34F8FBFF36F8FFEE70148C06809
:1098300070470000940000202DE9F0412F4C0026D5
:10984000206B28B1A069401CA0613046BDE8F081C2
:10985000E5686D1CE56013D1606B006838B150207D
:1098600080F31188BFF34F8FBFF36F8FFEE7606BFC
:10987000A16B6163A063206A401C2062FFF7FEF9C0
:10988000A06ADFF87C80854209D3606B0068A0B1D4
:10989000606BC068C7687868854211D2A062206892
:1098A000C06A00EB800158F82100012800D9012688
:1098B000E0690028C9D00126C7E74FF0FF30EDE787
:1098C000381DFFF759FDB86A18B107F11800FFF706
:1098D00053FDF96A0120226988401043206101EBA1
:1098E000810108EB8100391DFFF78AFDF86A2168C4
:1098F000C96A8842C9D30126C7E700009400002046
:10990000EC2400202DE9F0472C4D00242746286B3D
:1099100038B1FFF781FD286B401E2863286B40B1EA
:1099200046E0502080F31188BFF34F8FBFF36F8F55
:10993000FEE7A968224E0120D1B3A6F1B409804602
:109940003068E8B1F068C46804F11800FFF714FD4E
:10995000201DFFF711FDE06A2A6908FA00F11143A2
:10996000296100EB800109EB8100211DFFF748FD13
:10997000E06A2968C96A8842E2D3C5F81C80DFE73B
:109980000CB1FFF77BF9AC6944B14646FFF754FFD1
:1099900000B1EE61641EF9D10020A861E86938B118
:1099A0000849012738070860BFF34F8FBFF36F8F57
:1099B000FFF752FD3846BDE8F08700009400002014
:1099C000A025002004ED00E021F00042A2F1605249
:1099D000B2F5801F01F0004328BFD2F17E6C51D94F
:1099E000F1EE10CA1CF4400F14D15FEAC00C43EA38
:1099F000C20202EB507008BF70475FEA4C0C40F1A6
:109A00000000DFF880C240F0B58328BF20F00100DD
:109A100000F0B0BBC30001F0004343EAC20202EB16
:109A2000507008BF70471B4248BF4FEA4C0C1CF4F3
:109A3000000F08BF401CDFF84CC200F09BBBC30006
:109A400001F0004343EAC20202EB507204BF104629
:109A500070471B4248BF4FEA4C0C1CF4000FDFF864
:109A600024C218BF104640F0858308BF521C12F470
:109A7000000F08BF104600F07D8321F0004201F086
:109A8000004330E050EA410C04BF084670475FEAEB
:109A9000125CBCF1FE0F1ED1F1EE10CA1CF4400F97
:109AA000CDD15FEAC00C9BD05FEA001C4FEAC20C2C
:109AB0004CEB507C04BFC2002CEAD27C1CF4000F9B
:109AC00004BF4CEA0300DFF8BCC100F0538321F06F
:109AD0000042A2F16052B2F5801F4FEA410C2ADB2E
:109AE0001CF5001F16D2F1EE10CA1CF4806F06D0D0
:109AF0002CF0005C4CF0805CA1F140612AE04FF05A
:109B00007F40DFF884C143EA500000F033BB0846D1
:109B100000F02BBC70B500F0B1F900BF000000B937
:109B200088000004FFF7F3BF21F0704243EA507051
:109B300040EAC2007047F1EE10CA2CF0805C4CF095
:109B4000005C1CF4006F25D04B00B3F5001F51D30F
:109B500001F140611CF4400F40F07E800CF0405C4D
:109B6000C3004CF0880C11D05CF0404C10F0805FCA
:109B70000CD0034610F1005041F10001020108BF72
:109B800020F00050834218BF2CF0004C00F06040E1
:109B900000F0E7BC1CF4400F1AD01B4248BF4FEA4C
:109BA0004C0C1CF4000F13D112F1406248BF22F09C
:109BB0007F424FEAC00CBCF1010F43EAC20242EB04
:109BC00050704FF0880228BF42F0804200F0D2BBB4
:109BD00012F1406248BF22F07F425FEAC00C43EAC4
:109BE000C20242EA50704FF0880218BF42F0404271
:109BF00000F0C0BB01F0004321F00041094214D045
:109C0000B1FA81FCACF10B0CCCF1200201FA0CF1A1
:109C100020FA02F241EA02014FEA0C5200FA0CF07B
:109C2000A1EB020181EA03010FE0B0FA80F200FA31
:109C300002F002F115024FEAD0214FEA0252A1EBE5
:109C400002014FEA405081EA0301F1EE10CA2CF004
:109C5000805C4CF0005C7BE762460CF0405CC3002B
:109C60004CF0880C92D05CF0404C094248BF520046
:109C700012F4000F8AD110F1005041F100012CF0D4
:109C8000004C83D1880000408800001010F0004292
:109C900048BF4042B0FA80F310FA03F10AD0C3F192
:109CA0001D0303F580634FEA415002EB035202EBC0
:109CB000D12170474FF0000070470000DFF8B4C1B9
:109CC00070B51CEA111E1EBF1CEA13159EEA0C0F8C
:109CD00095EA0C0F00F0948081EA030421EA4C110C
:109CE0004EEAD47E23EA4C13AE4441F4801143F48F
:109CF0008013A1FB024CA0FB0365AEF17F7E3619F9
:109D000055EB0C05A1FB034C4CF10003A0FB021C1E
:109D100016EB0C06654153F10003094218BF46F0EB
:109D2000010613F4007F0BD14FEA03314FEA0530EF
:109D3000340341EA155140EA16506FF003020AE07D
:109D40004FEAC3214FEAC520F40241EA555140EAE7
:109D500056506FF00202264602EB2E4201EB0255EE
:109D600085EACE7127D0F1EE10CA05461CF4400CEE
:109D700014D15FEA440C18BF24F0004450F10000F5
:109D800041F1000120EAD47040F2FD7C624517D217
:109D9000BDE87040DFF8E0C000F0ECB95FEACE74D7
:109DA00054BF1CF4000F1CF4800F08BF10F1010019
:109DB00041F10001E8E740F2FE7C624504D270BD4B
:109DC00008BF11F4801FE3D0A84214BF4FF08044B5
:109DD0004FF04044002E08BF0024BEF1806FD8BF72
:109DE00001F1C041A8BFA1F1C04144F0130CA8BFCC
:109DF0004CF0805CBDE8704040F3FF8000F0BAB9E1
:109E00009EEA0C0F0CEA131518BF95EA0C0F19D037
:109E100091EA030F48BF4EF0010E50EA410418BF0B
:109E200052EA430409D000F0AAF8641986EA46060B
:109E30004FEA044E4EEAD67E5BE74FEACE714FF012
:109E4000000070BD00F01AF88900013E1300000404
:109E500000F005B800F007B852EA430C06D081EADA
:109E6000030100F0C4B850EA410CF8D15FF824C0F7
:109E700000F080B90000FF07130000400EF1020E51
:109E80002EF0030E01285EF8086B41EB010414F577
:109E9000001418BFB4F5801F23D3364208D4012A1A
:109EA00043EB030515F5001518BFB5F5801F18D352
:109EB00001EB010C1CF5801F16D2364204D403EBD3
:109EC000030C1CF5801F0FD2002C10D14FEAD17C5F
:109ED000002D0CEB4C0C0CF1020C08BF4CEBD37CAE
:109EE00007E04FF0090C04E04FF0080C01E04FEAE6
:109EF000D37C0CEB4C0526FA05F606F00706B6F106
:109F0000040C06D20EEB860CBDE870404CF0010C40
:109F10006047DFE80CF0222413025EF804CC1B2D0E
:109F200008D1002C88BFB4F5801F34BF4CF4804C9E
:109F30004CF4004CBDE8704000F01CB9002C88BF08
:109F4000B4F5001F24BF1946104670BD4FF0000045
:109F50004FF00041A1F5002170BD194610460128BF
:109F600051EB010418BFD4F5001484BF5EF804CC93
:109F70002CF0806CBDE8704000F2DC80704780B54A
:109F80004FF003065C004FEA03334FEA3606640DD8
:109F90004FEA133318BF43F480131CD153EA125E07
:109FA00004F1010402BF13460022203C1B4202BF01
:109FB000130B1205143CB3FA83FEAEF10B0ECEF177
:109FC000200C03FA0EF322FA0CFC02FA0EF2A4EBB8
:109FD0000E0443EA0C030FB416F0010F0CBC03BCD3
:109FE00018BF2546CED180BD80B50126F3E708080D
:109FF000A0F500114FEA31017047F1EE103A13F06D
:10A00000807F1EBF01F000410020704713F4006FF5
:10A0100040F0AA80094248BF4CF4803C4FF4C06332
:10A020004FEA115203F1010321EA025122F40062C6
:10A030009A1A48BF6FF0FE0241F48011352A3CD8CD
:10A0400030D0152A1ED3203A0CD90028C2F12003A3
:10A0500021FA02F001FA03F218BF42F001024FF0B8
:10A06000000130E0C2F1000302F1200201FA03F125
:10A0700020FA02F241EA020100FA03F208464FF028
:10A08000000120E0C2F1200310B400FA03F401FA49
:10A0900003F320FA02F021FA02F1224610BC43EA4F
:10A0A000000010E050EA01324FF000004FF00001D4
:10A0B0004FF0004218BF521C05E04FF001024FF074
:10A0C00000014FF000001CF4803F2CF4803C18BFCE
:10A0D00041F0004112421ED0F1EE103A13F4400F4D
:10A0E00020D1520003D30CD0401C41F10001F1EE0D
:10A0F000103A4CF0804C43F00803E1EE103A00F0C7
:10A1000039B85FEAAC72EFD4F1D1401C41F10001E3
:10A1100020F00100EBE71CF0804F08BF70472CF0E7
:10A12000004CE4E7094254BF13F4000F13F4800F0E
:10A13000DDD1D9E7F1EE103A13F0807F1EBF01F0B8
:10A1400000410020704713F4006F08BF70472DE9ED
:10A15000F050FFF749FF04F5C064A4F10104314356
:10A1600001EB0451BDE8F0504CF0005C4CF0800C69
:10A1700000F0F7B91CF0700F08BF0A460FB4F1EEFB
:10A18000101A0CF0405030EA814318BF4CF0804C5C
:10A190004FEA4C0310EA814F4FEAD36323EA1123BD
:10A1A00018BF23F0100341EA030101F0E073E1EE70
:10A1B000101A4CEA030C0CF00F030A2B1DBF082BDE
:10A1C0000CF070034CEAC30C4FF4003304BF33EAC5
:10A1D0000C034CF4400C1CF0005F14D11CF0805FA9
:10A1E0000BD11CF0804F31D11CF0006F12D111F453
:10A1F000807F0FBC62D000F0B4B911F4806F0FBC47
:10A200002BD000F0AEB911F4006F0FBC08BF70473F
:10A2100000F0A7B911F4007F0FBC40F0A2811CF040
:10A22000400F1EBF4FF0004040F0010070471CF08F
:10A23000100F14BF81EA030242400CF00F000A28FD
:10A2400008BF4FF0FF324FF0000326E011F4805FAB
:10A250000FBC08BF704700F084B9F1EE103A2CF043
:10A26000805C1CF0800F14BF01F0004200F000423F
:10A2700012420CBF12EA336F12EAF35F0DD31CF0E7
:10A28000100F1DBF30A003C81143314808BF104351
:10A2900013F4805F40F0658170471CF0100F02F0EE
:10A2A00000421DBF0FF2940003C81143254808BFA8
:10A2B000104313F4805F40F0548170471CF0400F4E
:10A2C00040F028801CF4404F1BD01CF4004F1CBFF2
:10A2D000194610460CF4807218BF8CEA520C1CF020
:10A2E000800F0CBF40F4800041F400218CEADC03B5
:10A2F00013F0100F1CBF2CF00F0C4CF0080C00F0EA
:10A30000D7B81CF0100F1ABF12A393E8030013482C
:10A3100000F0CEB81CF0800F14BF01F0004200F036
:10A3200000421CF0100F1BBF0AA393E803000B4868
:10A33000114308BF104300F0BBB800BF000000008D
:10A340000000F07F0000807FFFFFFFFFFFFFEF7F37
:10A35000FFFF7F7F000000000000F87F0000C07F4B
:10A360004FF00000E1EE100A7047FF2141EAD050A3
:10A37000C0057047F1EE101A11F0807F1CBF00F08D
:10A380000040704711F4006F40F08E8000F00043F1
:10A3900043EAD05323F48073C3F1C10323F0004197
:10A3A000172941D8C3F1200310FA03F1C3F12003A8
:10A3B00020F07F4040F4000020FA03F003F0004357
:10A3C00040EA030019D00B46F1EE101A41F00801E3
:10A3D000E1EE101A11F4400F1CD1590009D318BF37
:10A3E000401C06D17FEAE27398BF401C38BF20F0C2
:10A3F000010042F0804CFFF7BDBE12F0804F08BF55
:10A400007047F1EE101A944641F00801E1EE101A7F
:10A41000FFF7B0BE10F0004F14BF5FEAF1535FEAE0
:10A42000316338BF401CE4E7182903EB912318BFC0
:10A430006FF000410131F1EE101A41F00801E1EE38
:10A44000101A11F4400F18BF03F00040E2D168BFAA
:10A4500003F0004009D6400203F0004000F1010083
:10A4600004BF12F0004F20F001004FF0804CFFF7C6
:10A4700081BEF1EE101A11F0807F1CBF00F0004089
:10A48000704711F4006F08BF704700F0004120F0E2
:10A490000040B0FA80F3A3F1080341F0C04100FA94
:10A4A00003F0A1EBC351084442F0005C00F059B83E
:10A4B0000CF00F03092B08BF082000F064800A2B62
:10A4C00032D0082B18BF704708BF1CF0400F31D0A6
:10A4D0001CF4803F23D11CF0200F11D11CF0100F71
:10A4E0000BBF02460A466FF000406FF0004118BFF4
:10A4F0004FF0FF3012F0004F1CBFC043C9437047FC
:10A500001CF0100F0CBF02460A4612F0004F4FF02D
:10A51000FF304FF0FF311CBFC043C94370474FF0BD
:10A5200000004FF0000170471CF0400F18BF4FF0C3
:10A53000004070471CF0100F08D020F0704300F06E
:10A540007F4242EAD3014FEA4370704700F0604017
:10A5500021F07F4242EA000201F07F4040EA72703F
:10A5600070472DE900502DE90050F6F76DF9BDE870
:10A570000050BDE800500CF00F0393F0090F18BF16
:10A580007047AFF300801CF4801F24D01CF4E02F30
:10A5900009D010F0080F02D1D0F1020070476FEA25
:10A5A000CC31490070474FF0604111EA407028BF3C
:10A5B00040F04050F1EE103A23F0704343EA0003BC
:10A5C000E1EE103AEFF3008222F0704242EA00021C
:10A5D00082F3008870471CEA004018BF01207047D2
:10A5E000A4AA000885400008030000000000000045
:10A5F00000040000000000000000000098AA00080D
:10A60000C1850008000000000000000000010000FB
:10A610000000000000000000B0AA00083D7D000816
:10A62000FFFF0000000000008000000000000000AC
:10A6300000000000BCAA0008FD9100080000000016
:10A64000000000008000000000000000000000008A
:10A650008CAA00086D960008FDFF000000000000B5
:10A66000800000000000000000000000D4AA0008E4
:10A67000657C0008010000000000000000010000EF
:10A680000000000000000000C8AA0008F1870008D0
:10A69000FEFF00000000000080000000000000003D
:10A6A0000000000000061016000610160000000052
:10A6B0000000000001020304060708090000000072
:10A6C000010203041E0028000F000A000A000B000C
:10A6D0000A000A000A0032000A000A000A000A0002
:10A6E0000A000A000A000A00F40164000F000000DA
:10A6F00000A00C460000000000000000CDCCCC3EC5
:10A70000CDCCCC3D0000000000D08446000000000D
:10A71000000000009A99993E00000000000000002F
:10A720000060EA460000000000000000CDCC4CBFF5
:10A73000000000800000000000409C460000000077
:10A74000000000009A9919BFCDCCCCBD00000000DC
:10A750000060EA460000000000000000CDCC4CBFC5
:10A7600000000080000000000000C844CDCCCC3DBB
:10A770000000803F0050C345000096430000FA43AC
:10A780000080BB450000FA430000FA43005EBCE2D3
:10A79000613FDD83C29C7E20A3FD1F419DC3217FBD
:10A7A000FCA2401E5F01E3BD3E6082DC237D9FC1B1
:10A7B000421CFEA0E1BF5D0380DE3C62BEE0025CA5
:10A7C000DF81633D7C22C09E1D43A1FF4618FAA491
:10A7D00027799BC584DA3866E5BB5907DB8567397D
:10A7E000BAE406581947A5FB7826C49A653BD98771
:10A7F000045AB8E6A7F91B45C6987A24F8A6441A65
:10A8000099C7257B3A6486D85B05E7B98CD2306E50
:10A81000EDB3510F4E10F2AC2F7193CD114FADF33C
:10A82000702ECC92D38D6F31B2EC0E50AFF1134D30
:10A83000CE90722C6D33D18F0C52B0EE326C8ED024
:10A84000530DEFB1F0AE4C1291CF2D73CA94762810
:10A85000ABF517490856B4EA6937D58B5709EBB5FC
:10A8600036688AD495CB2977F4AA4816E9B7550BF0
:10A8700088D6346A2B7597C94A14F6A8742AC896E4
:10A88000154BA9F7B6E80A54D7896B350000891132
:10A8900012239B322446AD573665BF74488CC19D48
:10A8A0005AAFD3BE6CCAE5DB7EE9F7F88110080128
:10A8B00093331A22A5562C47B7753E64C99C408D28
:10A8C000DBBF52AEEDDA64CBFFF976E802218B30C4
:10A8D000100299132667AF763444BD554AADC3BC08
:10A8E000588ED19F6EEBE7FA7CC8F5D983310A20E8
:10A8F00091121803A7772E66B5543C45CBBD42ACE8
:10A90000D99E508FEFFB66EAFDD874C904428D537F
:10A9100016619F702004A9153227BB364CCEC5DFC7
:10A920005EEDD7FC6888E1997AABF3BA85520C43A7
:10A9300097711E60A1142805B3373A26CDDE44CFA7
:10A94000DFFD56ECE9986089FBBB72AA06638F7243
:10A9500014409D512225AB343006B9174EEFC7FE87
:10A960005CCCD5DD6AA9E3B8788AF19B87730E6267
:10A9700095501C41A3352A24B1163807CFFF46EE67
:10A98000DDDC54CDEBB962A8F99A708B088481950F
:10A990001AA793B62CC2A5D33EE1B7F04008C91957
:10A9A000522BDB3A644EED5F766DFF7C8994008517
:10A9B0009BB712A6ADD224C3BFF136E0C118480937
:10A9C000D33B5A2AE55E6C4FF77D7E6C0AA583B4B3
:10A9D000188691972EE3A7F23CC0B5D14229CB3817
:10A9E000500AD91B666FEF7E744CFD5D8BB502A4D7
:10A9F00099961087AFF326E2BDD034C1C3394A28F7
:10AA0000D11A580BE77F6E6EF55C7C4D0CC685D76E
:10AA10001EE597F42880A1913AA3B3B2444ACD5BD6
:10AA20005669DF78600CE91D722FFB3E8DD604C796
:10AA30009FF516E4A9902081BBB332A2C55A4C4BB6
:10AA4000D7795E68E11C680DF33F7A2E0EE787F632
:10AA50001CC495D52AA1A3B03882B193466BCF7A96
:10AA60005448DD59622DEB3C700EF91F8FF706E656
:10AA70009DD414C5ABB122A0B9923083C77B4E6A76
:10AA8000D5585C49E33D6A2CF11E780F564F46417C
:10AA90005F5441534B00000047494D42414C5F54C5
:10AAA00041534B00494E535F5441534B000000004B
:10AAB0004445544543545F5441534B0053484F4F12
:10AAC000545F5441534B00004B45595F5441534B25
:10AAD00000000000434F4D4D554E49434154455FE2
:10AAE0005441530004AB000800000020480200005D
:10AAF000C401000808AC00084802002030740000BF
:10AB000020020008012013655F1B0895041AA104A8
:10AB10001AC9041AF5041A45041A71041704030922
:10AB20000412011402020216408304405726020157
:10AB3000020301031A1A0313D50D1B08D1041ACD01
:10AB4000041AF90413790E1A0833118210036124D0
:10AB5000F41AAA018114810182130A0632022A40E2
:10AB6000881C090243C71125C03209041B01020BCE
:10AB70001305241610010524011009010424020202
:10AB8000052406170107058203081C100904FD327D
:10AB90000A2E0705010240072A81071113C95B1419
:10ABA000083D5A1408675D42081ACD0C1389591BD9
:10ABB00008FF04C11A4D281A11041A8D041A05043D
:10ABC0000114197711C388131BA8C1047A411F010E
:10ABD0002F100D3333EB3A58A08B3A7D04017C16CD
:10ABE0000240AB03411009055308065804070F162D
:10ABF0000810820911160A15800B16051A0C180187
:08AC00000D2A40E7D10000001D
:040000050800018965
:00000001FF
