:020000040800F2
:100000002060002029030008834D0008C742000833
:100010007F4D0008D50B00086D600008000000004F
:10002000000000000000000000000000690200085D
:10003000BB10000800000000C5020008355400088D
:100040004303000843030008430300084303000878
:100050004303000843030008430300084303000868
:100060004303000843030008430300084303000858
:100070008D0F0008430300084303000843030008F2
:10008000430300084303000843030008110C000861
:10009000F10B0008010C00084303000843030008AB
:1000A0004303000843030008430300084303000818
:1000B0004303000843030008430300084303000808
:1000C00043030008430300084303000843030008F8
:1000D00043030008155E000843030008255E00087E
:1000E00043030008430300084303000843030008D8
:1000F00043030008430300084303000843030008C8
:100100004303000843030008815500084303000827
:100110004303000843030008915500084303000807
:10012000430300089D0F0008AD0F0008BD0F000835
:100130004303000843030008430300084303000887
:10014000210C0008310C0008430300084303000899
:1001500043030008CD0F000843030008555F000863
:100160004303000843030008430300084303000857
:100170004303000843030008430300080000000095
:10018000430300084303000800F002F800F05CF8A5
:100190000AA090E8000C82448344AAF10107DA45E2
:1001A00001D100F051F8AFF2090EBAE80F0013F0D8
:1001B000010F18BFFB1A43F0010318477CE600004B
:1001C0009CE600000A444FF0000C10F8013B13F0CD
:1001D000070408BF10F8014B1D1108BF10F8015BA0
:1001E000641E05D010F8016B641E01F8016BF9D193
:1001F00013F0080F1EBF10F8014BAD1C0C1B09D1EA
:100200006D1E58BF01F801CBFAD505E014F8016B5B
:1002100001F8016B6D1EF9D59142D6D370470000ED
:100220000023002400250026103A28BF78C1FBD8FF
:10023000520728BF30C148BF0B6070471FB50DF093
:100240001EFD1FBD10B510BD00F051FA1146FFF79D
:10025000F5FF09F093FC00F06FFA03B4FFF7F2FF2B
:1002600003BC00F07FFA00002C4B19680868B0E866
:10027000F04F80F30988BFF36F8F4FF0000080F3D9
:10028000118870470000000008480068006880F38B
:1002900008884FF0000080F3148862B661B6BFF39F
:1002A0004F8FBFF36F8F00DF00BF00BF08ED00E08E
:1002B000DFF80C00016841F470010160704700BF75
:1002C00088ED00E0EFF30980BFF36F8F134B1A68DE
:1002D0001EF0100F08BF20ED108A20E9F04F1060CB
:1002E00009B44FF0500080F31188BFF34F8FBFF374
:1002F0006F8F0BF0A5F94FF0000080F3118809BC57
:1003000019680868B0E8F04F1EF0100F08BFB0EC95
:10031000108A80F30988BFF36F8F70474400002074
:10032000EFF30580704700000948804709480047FF
:10033000FEE7FEE7FEE7FEE7FEE7FEE7FEE7FEE795
:10034000FEE7FEE704480549054A064B70470000F2
:100350001D55000889010008205A00202060002057
:10036000205C0020205C002053EA020C00F0698031
:100370002DE9F04B4FF00006002B1FBFB3FA83F5B9
:1003800003FA05F424FA05F65E4012BF1643B2FAEA
:1003900082F502FA05F4C5F120051EBF22FA05FC1C
:1003A00044EA0C04203556EA044C4FEA144418BFC2
:1003B000641C4FF000084FF00009904271EB030CF1
:1003C00039D3002919BFB1FA81F701FA07F6B0FA5B
:1003D00080F700FA07F6C7F120071EBF20FA07FCD6
:1003E00046EA0C062037B6FBF4FCA7EB0507103FE6
:1003F00007F01F0BCBF120060CFA0BFB2CFA06F6CC
:1004000044BFB3460026202FA4BF5E464FF0000B2A
:100410005BEA060C08BF4FF0010B19EB0B09ABFBB5
:10042000027C48EB0608C01B06FB02CC0BFB03CC8E
:1004300071EB0C01C1E70B46024641464846BDE858
:10044000F08B13B54FF000004FF00001AFF30080C8
:10045000BDE81C407047032A40F2308010F0030CC6
:1004600000F0158011F8013BBCF1020F624498BF07
:1004700011F801CB00F8013B38BF11F8013BA2F1A4
:10048000040298BF00F801CB38BF00F8013B11F01F
:10049000030300F06780083AC0F0088051F8043B7D
:1004A000083A51F804CBA0E80810F5E7121D5CBF2C
:1004B00051F8043B40F8043BAFF30080D20724BF5F
:1004C00011F8013B11F801CB48BF11F8012B24BFF3
:1004D00000F8013B00F801CB48BF00F8012B704742
:1004E000431A28BF9A427FF6B6AF032A104411443C
:1004F00040F2268010F0030F1EBF11F8013D521E7E
:1005000000F8013D10F0030F7FF4F6AF11F0030384
:1005100000F0A280083AC0F00B8051F8043D083A80
:1005200051F804CD40F8043D40F804CDFFF7F3BF87
:10053000121D5CBF51F8043D40F8043DAFF300804C
:10054000D20724BF11F8013D11F801CD48BF11F8C1
:10055000012C24BF00F8013D00F801CD48BF00F890
:10056000012C704710B5203AC0F00B80B1E818504C
:10057000203AA0E81850B1E81850A0E81850BFF48D
:10058000F5AF5FEA027C24BFB1E81850A0E818502C
:1005900044BF18C918C0BDE810405FEA827C24BF80
:1005A00051F8043B40F8043B08BF7047D20728BF0E
:1005B00031F8023B48BF11F8012B28BF20F8023B5D
:1005C00048BF00F8012B70474FF0000200B51346FA
:1005D00094469646203922BFA0E80C50A0E80C5063
:1005E000B1F12001BFF4F7AF090728BFA0E80C5014
:1005F00048BF0CC05DF804EB890028BF40F8042B0D
:1006000008BF704748BF20F8022B11F0804F18BF79
:1006100000F8012B704770477047704710B500F025
:1006200049F8006810BD10B5044600F043F80460B6
:1006300010BD431A28BF9A427FF694AF104410F0C1
:10064000030F11441EBF11F8013D521E00F8013D79
:1006500010F0030F7FF4F6AF103AC0F00A8010B527
:1006600031E91850103A20E91850BFF4F9AFBDE84D
:100670001040530724BF31E9081020E9081044BF97
:1006800051F8043D40F8043D12F0030F08BF7047D5
:10069000D20728BF31F8023D48BF11F8012C28BF0E
:1006A00020F8023D48BF00F8012C70470048704711
:1006B000BC59002000487047BC5900201FB584B0C9
:1006C00000200A9C06AB04AA02A90094AFF30080A4
:1006D00018B1DDE9020108B010BD0348204000F068
:1006E00039F800200146F6E70000207C7047754687
:1006F000FFF7DCFFAE4605006946534620F00700D1
:10070000854618B020B5FFF71DFEBDE820404FF02C
:1007100000064FF000074FF000084FF0000B21F0EB
:100720000701AC46ACE8C009ACE8C009ACE8C009B8
:10073000ACE8C0098D46704710B50446AFF30080A1
:100740002046BDE81040FFF788BD002801D000F02A
:1007500009B8704710B500F025F8BDE81040FFF764
:10076000F4BF000001491820ABBEFEE726000200DE
:1007700070B505460C460A2000E06D1C00F068F8D4
:1007800035B128780028F8D102E0641C00F060F848
:1007900014B120780028F8D1BDE870400A2000F09C
:1007A00057B8000010B5022803D0410103D50DA1B0
:1007B00012E0002010BD010101D50FA10CE0C10025
:1007C00001D511A108E0810001D512A104E040008B
:1007D00001D513A100E0002115A0FFF7C9FF0120FA
:1007E00010BD0000496E76616C6964204F706572BF
:1007F0006174696F6E000000446976696465204227
:1008000079205A65726F00004F766572666C6F775B
:1008100000000000556E646572666C6F7700000022
:10082000496E657861637420526573756C7400005D
:100830005349474650453A2041726974686D657462
:10084000696320657863657074696F6E3A20000093
:1008500008B569468DF800000320ABBE08BD000056
:10086000B7EE000A80ED000A9FED060A80ED010A4E
:100870009FED040A80ED020A9FED020A80ED030A53
:10088000704700000000000010B50122102102484E
:1008900001F01CFE10BD00000000024010B5002257
:1008A0001021024801F012FE10BD000000000240BD
:1008B0007047000010B501221146024801F006FE03
:1008C00010BD00000004024010B5002201210248C2
:1008D00001F0FCFD10BD000000040240704710B59F
:1008E000044603E04FF47A7000F006F8201EA4F1ED
:1008F00001018CB2F6D110BD70B5034600BF00BF38
:100900000020002200BF4FF0E0267569A82603FBF7
:1009100006F44FF0E026B16910E04FF0E026B06930
:1009200088420BD0884202D20E1A324402E02E1ABC
:100930000E4432440146A24200D300E0EDE700BF7E
:1009400070BD10B50024FFF7B3FFFFF7C7FF07F036
:10095000F9F9044307F08AFA0443204610BD000069
:100960002DE9FC4105460E461746002000900190F7
:10097000FFF794FF922000F0D1F80622694612207A
:1009800000F0ACF8FFF780FF9DF80100000200B214
:100990009DF8001040EA010400EE104AB8EEC00ACB
:1009A0004C48D0ED000A20EE200A86ED000A9DF8A2
:1009B0000300000200B29DF8021040EA010400EEBC
:1009C000104AB8EEC00A4348D0ED000A20EE200AD3
:1009D00086ED010A9DF80500000200B29DF80410A2
:1009E00040EA010400EE104AB8EEC00A3948D0EDE2
:1009F000000A20EE200A86ED020AFFF765FF0822B2
:100A00006946002000F06AF8FFF754FF9DF80000E7
:100A10000F2838D19DF80300000200B29DF80210A3
:100A200040EA010400EE104AB8EEC00A2A48D0EDB0
:100A3000000A20EE200A85ED000A9DF8050000025C
:100A400000B29DF8041040EA010400EE104AB8EE2E
:100A5000C00A2148D0ED000A20EE200A85ED010AE7
:100A60009DF80700000200B29DF8061040EA01045C
:100A700000EE104AB8EEC00A1748D0ED000A20EE8A
:100A8000200A85ED020AFFF709FFA22000F046F8D0
:100A900002226946222000F021F8FFF7F5FE9DF8BA
:100AA0000000C0009DF8011040EA6114B4F5806FA9
:100AB00002DBA4F5006004B200EE104AF8EEC00AB2
:100AC000B4EE001AB3EE070A00EE810A87ED000AC1
:100AD000BDE8FC81A0010020A401002070B50646FD
:100AE0000C46154646F0800000F018F806E0552048
:100AF00000F014F82070641C681EC5B2002DF6D1F9
:100B000070BD70B504460D4644F0800000F006F854
:100B1000552000F003F8287070BD000001B582B0C8
:100B20004FF47A70012301AA02A90090024802F052
:100B3000A3FA9DF804000EBD1009002070B505460B
:100B40000C462846FFF7EAFF2046FFF7E7FF70BD97
:100B500010B5044694ED080AD4ED040A9FED1B1A63
:100B600060EE810AB4EEE00AF1EE10FA00D210BD98
:100B7000D4ED060A94ED071A70EEC10AB0EE600AD1
:100B800004F0F0F894ED061AC0EE010A9FED100A89
:100B9000F4EEC00AF1EE10FA07DDD4E91A20521C77
:100BA00040F10000C4E91A2002E00021A166E166DC
:100BB0004FF4FA610020D4E91A32C91A904102D2E6
:100BC00001217020015500BFD1E70000CDCCCC3D04
:100BD0006666663F00BFFEE710B5044802F02CFCD5
:100BE0000821024802F006FF10BD0000280A00207C
:100BF00010B5024800F042FD10BD0000C008002002
:100C000010B5024800F03AFD10BD0000C0080020F9
:100C100010B5024800F032FD10BD0000C0080020F1
:100C200010B5024800F02AFD10BD0000E8080020C1
:100C300010B5024800F022FD10BD0000E8080020B9
:100C40002DE9F0418AB080460C4616461D46109F9D
:100C50004FF404700490002006900790082008903C
:100C60008DF80880E0B28DF8090020128DF80A0096
:100C70008DF80B6028128DF80C00E8B28DF80D008D
:100C800038128DF80E00F8B28DF80F0001AB02AAF1
:100C900004A9034800F0F7FA0AB0BDE8F0810000AB
:100CA000E8080020F0B587B007460C4615461E46FA
:100CB0004FF40070009008200490002003900290F0
:100CC000380A0A4908704F70200A8870CC70280AC8
:100CD00008714D71300A8871CE7106AB0A466946BB
:100CE000034800F0D0FA07B0F0BD000098010020E2
:100CF000E808002010B588B0044640F2FF100190CB
:100D000000200390049002200590200A8DF8000036
:100D1000E0B28DF8010007AB6A4601A9024800F075
:100D2000B2FA08B010BD0000E808002010B51E4857
:100D3000007848B91D480068007920F03C00001D8B
:100D40001A490968087108E018480068007920F01D
:100D50003C002030154909680871154890ED000ADB
:100D6000F1EE020A30EE600A9FED121AC0EE010A9F
:100D70000E4800680089C0F38A0000EE100AB8EE41
:100D8000400A9FED0D1A00EE810ABCEEC00A10EE7B
:100D9000100A06490968898960F38C0103480068D4
:100DA000818106F025FF10BDC2000020E401002073
:100DB0008001002033332B410000324410B5344809
:100DC00090ED000ADFED330A30EEC00ABDEEC00A36
:100DD00010EE100A00B23049088008460BF072FB92
:100DE0002D4800882D490968898860F38E112B48A9
:100DF00000688180264890ED000AF3EE0E0A30EE7E
:100E0000C00ABDEEC00A10EE100A00B224490880E4
:100E100008460BF057FB2248008820490968B1F8C2
:100E2000051060F3CF111D480068A0F805101D489B
:100E300090F8F802062814D11B480068007920F0C9
:100E40003C00143018490968087117480068B0F868
:100E500007006FF309000F3013490968A1F8070074
:100E600013E011480068007920F03C001C300E4966
:100E7000096808710C480068B0F807006FF30900B2
:100E8000C01C09490968A1F8070006F0D3FE10BD8F
:100E9000C40000200000A54378010020F0010020DC
:100EA0007A010020204B0020EC0100201848406807
:100EB000B0F9020000EE100AB8EEC00A154880ED45
:100EC000010A13488069B0F9020000EE100AB8EE7A
:100ED000C00A104880ED020A0D48C06AB0F902004D
:100EE00000EE100AB8EEC00A0A4880ED030A08486E
:100EF000006CB0F9020000EE100AB8EEC00A054816
:100F000080ED040A90ED000A80ED060A70470000AB
:100F1000204B0020044B002010B5184800781849D9
:100F200008701848007F70B917480068B0F80700CB
:100F30006FF30900643014490968A1F80700012023
:100F40000E49087010E00F48007F01280CD10020E6
:100F50000A4908700C480068B0F807006FF30900F0
:100F600009490968A1F8070004480078044909788C
:100F7000884201D006F080FE10BD00007E010020F6
:100F80007F010020684E00200402002010B50248B6
:100F900001F00CF810BD0000840B002010B50248D1
:100FA00001F004F810BD0000E40B002010B5024869
:100FB00000F0FCFF10BD00006809002010B50248D9
:100FC00000F0F4FF10BD0000C809002010B5024871
:100FD00000F0ECFF10BD0000440C00200146087832
:100FE00010381823B0FBF3F20848805CC865032A68
:100FF00005D908686FF30900001D886503E00868DB
:101000006FF309008865886D70470000FCDF0008F9
:10101000014600208A6A8B69CBB932B1012A0DD012
:10102000022A03D0032A10D10EE000BFCB6A03F0DE
:101030008073B3F1807F00D1012007E0CB6AB3F168
:10104000C07F00D1012001E000E000BF34E08B69E7
:10105000B3F5005F1AD132B1012A07D0022A03D0BA
:10106000032A11D10AE000BF01200EE0CB6A03F091
:101070008073B3F1807F00D1012006E0CB6AB3F129
:10108000C07F00D1012000E000BF15E032B1012A8D
:1010900005D0022A04D0032A0CD103E000BF00BF10
:1010A000012008E0CB6A03F08073B3F1807F00D1A8
:1010B000012000E000BF00BF7047704710B5144822
:1010C0000078144908701448C07F60B9134800685C
:1010D000007920F03C0018301049096808710020A0
:1010E0000B4908700BE00D480068007920F03C00C7
:1010F00014300A490968087101200549087004483C
:10110000007804490978884201D006F04FFD10BDEF
:101110007501002076010020684E0020E0010020CB
:1011200072B600BFFEE7000010B53D4800783D49AB
:1011300008703D48807EA8B33C4890F8D104C0F3C5
:10114000800078B34FF4967139480068808961F364
:101150008C003749096888814FF4967134480068DB
:10116000B0F80D0061F34F1031490968A1F80D0086
:101170004FF496712F480068808961F38C002D49E7
:10118000096888814FF496712A480068B0F80D000C
:1011900061F34F1027490968A1F80D00002020498C
:1011A000087034E0FFE7214890F8D104C0F38000D4
:1011B00010B11D48807E50BB00211D480068808909
:1011C00061F38C001A490968888100211848006879
:1011D000B0F80D0061F34F1015490968A1F80D0032
:1011E000002114480068808961F38C001149096866
:1011F000888100210F480068B0F80D0061F34F109E
:101200000C490968A1F80D0001200549087004483F
:10121000007804490978884201D006F04FFD10BDDE
:101220007301002074010020684E00202C51002022
:10123000F8010020F401002030B5034605E013F862
:10124000010B80EA02040448025D081EA1F10101BD
:10125000F5D1104630BD0000A1E0000810B50246EF
:1012600092F82030012B01D0022B06D11068406982
:10127000084314686061002010BD506A40F480206B
:1012800050620120F8E7F0B504460D461E4694F87A
:10129000207020688368A86800B900E000BF012FB3
:1012A00001D0022F7CD103F0806030B903F00060E0
:1012B00018B903F08050002873D0C3F301610229EC
:1012C00005D9606A40F4000060620120F0BD012091
:1012D00088403060A86860B9B5F800C0E86840EAA6
:1012E0004C5C206800F5C07000EB0110C0F800C035
:1012F0000FE0D5E901C040EACC00D5F80CC040EAC7
:101300000C00D4F800C00CF5C07C0CEB011CCCF830
:101310000000D5F810C0206800F5C07000EB011087
:10132000C0F804C0287D01280ED1206800F5C070E7
:1013300000EB0110406840F4807C206800F5C0702C
:1013400000EB0110C0F804C0D079000692F806C086
:1013500040EA0C4092F805C040EA0C2C10794CEAA7
:10136000000C206800F5C07000EB0110C0F80CC044
:10137000D078000692F802C040EA0C4092F801C012
:1013800040EA0C2092F800C040EA0C00D4F800C0FB
:101390000CF5C07C0CEB011CCCF80800206801E0C7
:1013A00016E00FE000F5C07000EB0110006840F09F
:1013B000010C206800F5C07000EB0110C0F800C0FF
:1013C000002083E7606A40F40010606201207DE73E
:1013D000606A40F480206062012077E7F0B504463F
:1013E0000A46216894F82050012D01D0022D7ED1AB
:1013F000424901F50071086840F001000860086882
:1014000020F47C5008600868566A40EA06200860AC
:10141000107D00F01F06012000FA06F3C86998430A
:10142000C861A1F50071D069C8B9D1F80C02984320
:10143000C1F80C02908880B2968940EA064601F510
:101440001070576940F83760108880B2168940EAFA
:10145000064601F51070576900EBC7004660D06979
:10146000012819D1D1F80C021843C1F80C02908858
:1014700080B2168840EA064601F51070576940F8B8
:101480003760908980B2168940EA064601F51070EF
:10149000576900EBC7004660906928B9D1F804028B
:1014A0009843C1F8040204E0D1F804021843C1F8DB
:1014B0000402106928B9D1F814029843C1F8140243
:1014C00004E0D1F814021843C1F81402106A01288C
:1014D00004D1D1F81C021843C1F81C02D1F8000253
:1014E00020F00100C1F800020020F0BDFFE7606AB3
:1014F00040F4802060620120F7E7000000640040B3
:10150000704770B5044694F82050012D01D0022D8B
:101510007DD151B92068C06800F0030080B9606ACD
:1015200040F400106062012070BD2068006900F086
:10153000030028B9606A40F4001060620120F3E7FC
:10154000206800F5D87000EB0110006800F004007E
:101550009060906840B9206800F5D87000EB0110E9
:101560000068400D106007E0206800F5D87000EBBF
:1015700001100068C0085060206800F5D87000EBCA
:101580000110006800F00200D060206800F5D870FB
:1015900000EB0110406800F00F001061206800F5BA
:1015A000D87000EB0110406800F47F40000A9061A1
:1015B000206800F5D87000EB01104068000C506105
:1015C000206800F5D87000EB011080681870206862
:1015D00000F5D87000EB0110806800F47F40000A2D
:1015E0005870206800F5D87000EB0110806800F496
:1015F0007F00000C9870206800F5D87000EB011097
:101600008068000ED870206800F5D87000E02FE0E8
:1016100000EB0110C0681871206800F5D87000EB6D
:101620000110C06800F47F40000A5871206800F57E
:10163000D87000EB0110C06800F47F00000C9871B6
:10164000206800F5D87000EB0110C068000ED8715A
:1016500031B92068C06840F020002668F06005E0DD
:101660002068006940F020002668306100205BE7B8
:10167000606A40F480206062012055E72DE9F05F48
:1016800004460025206846692068D0F80490206848
:1016900087682068D0F80CA02068D0F810B02068C7
:1016A000D0F8188006F00100002855D007F001009E
:1016B000C0B101202168886007F0020018B12046FF
:1016C00000F003FC0EE007F0040010B145F40065E3
:1016D00008E007F0080010B145F4805502E020460C
:1016E00000F0F2FB07F48070C8B14FF480702168FD
:1016F000886007F4007018B1204600F0E8FB0EE0A7
:1017000007F4806010B145F4005508E007F400606C
:1017100010B145F4804502E0204600F0D7FB07F405
:101720008030C8B14FF480302168886007F4003001
:1017300018B1204600F0CDFB0EE007F4802010B178
:1017400045F4004508E007F4002010B145F4803569
:1017500002E0204600F0BCFB06F0080038B10AF0B9
:10176000100020B145F4007510202168C86006F013
:10177000040040B10AF0080028B108202168C860C0
:10178000204600F025FA06F0020038B12068C06853
:1017900000F0030010B1204600F01CFA06F04000F3
:1017A00038B10BF0100020B145F48065102021689D
:1017B000086106F0200040B10BF0080028B10820B5
:1017C00021680861204600F04DFB06F0100038B19A
:1017D0002068006900F0030010B1204600F043FBD0
:1017E00006F4003040B109F0100028B11020216843
:1017F0004860204600F038FB06F4803040B109F024
:10180000080028B1082021684860204600F062FBEB
:1018100006F4004088B309F0040078B306F4807041
:1018200020B108F0010008B145F0010506F4007090
:1018300020B108F0020008B145F0020506F480600E
:1018400020B108F0040008B145F0040506F400607A
:10185000A0B108F0700088B108F07000402817D0DF
:1018600006DC10280BD020280CD0302819D10CE031
:10187000502810D0602814D110E01DE019E045F088
:1018800008050FE045F010050CE045F0200509E0E3
:1018900045F0400506E045F0800503E045F480751D
:1018A00000E000BF00BF2068806920F07000216860
:1018B00088610420216848602DB1606A2843606215
:1018C0002046FFF71DFEBDE8F09F70B504460CB939
:1018D000012070BD94F8200010B9204600F0B0F847
:1018E0002068006840F001002168086000F0F4FD05
:1018F00005460DE000F0F0FD401B0A2808D9606A9B
:1019000040F400306062052084F820000120E0E708
:101910002068406800F001000028EBD020680068D3
:1019200020F002002168086000F0D6FD05460DE0B9
:1019300000F0D2FD401B0A2808D9606A40F400304C
:101940006062052084F820000120C2E7206840681A
:1019500000F002000028EBD1207E012806D120688B
:10196000006840F080002168086005E02068006899
:1019700020F0800021680860607E012806D1206880
:10198000006840F040002168086005E020680068B9
:1019900020F0400021680860A07E012806D1206860
:1019A000006840F020002168086005E020680068B9
:1019B00020F0200021680860E07E012806D1206820
:1019C000006820F010002168086005E020680068C9
:1019D00040F0100021680860207F012806D12068AF
:1019E000006840F008002168086005E02068006891
:1019F00020F0080021680860607F012806D1206877
:101A0000006840F004002168086005E02068006874
:101A100020F0040021680860D4E90201084321692C
:101A20000843616908436168491E08432168C86129
:101A300000206062012084F82000002049E70000B7
:101A400010B586B00446142101A8FEF7BDFD5A4921
:101A50002068884251D159480068401C57490860A5
:101A60000846006801280FD100BF002000905448AC
:101A7000006840F00070524908600846006800F0B5
:101A80000070009000BF00BF00BF002000904C48D5
:101A90001038006840F008004949103908600846CD
:101AA000006800F00800009000BF00BF0320019014
:101AB000022002900020039003200490092005904A
:101AC00001A9404800F008FC00220521132000F085
:101AD000C7FD132000F0B4FD00220521142000F002
:101AE000BFFD142000F0ACFD00220521152000F000
:101AF000B7FD152000F0A4FD5CE033492068884262
:101B000058D100BF002000902D48006840F0806050
:101B10002B4908600846006800F08060009000BF14
:101B200000BF26480068401C244908600846006839
:101B300001280FD100BF002000902148006840F02C
:101B400000701F4908600846006800F000700090AF
:101B500000BF00BF00BF0020009019481038006887
:101B600040F002001649103908600846006800F08D
:101B70000200009000BF00BF602001900220029090
:101B800000200390032004900920059001A90F482C
:101B900000F0A2FB00220521402000F061FD402062
:101BA00000F04EFD00220521412000F059FD4120AA
:101BB00000F046FD06B010BD00640040300000207B
:101BC00040380240000C024000680040000402401F
:101BD0007047000010B58EB00446974920688842CF
:101BE00036D1964B07AA00219548FFF78AFC079843
:101BF000A0F2111010B1F82828D104E08F499148C3
:101C000007F0B4FE23E09048008800B28E490881B6
:101C10008A4840788949097840EA01208A49088041
:101C20008648C0788549897840EA012000B2864913
:101C30004880824840798149097940EA012000B210
:101C4000814988807D488079887100E000BFF0E09C
:101C50007E4920688842FAD17D4B6A4600217D4842
:101C6000FFF74FFC0098B0F5017F7DD007DCA0F2B4
:101C7000012058B101282FD0022876D153E0A0F2DC
:101C80000520002872D00C28F7D1C5E072480088E2
:101C900000B2714908816E4840786D49097840EA80
:101CA00001206D4908806A48C0786949897840EA0E
:101CB000012000B268494880654840796449097943
:101CC00040EA012000B264498880614880798871C7
:101CD000012007F0A9FAABE05F48408901B25E48F5
:101CE00041825B4840785A49097840EA01205A49C4
:101CF00048815748C0785649897840EA012001B2A6
:101D000055488181524840795149097940EA01207A
:101D100001B25148C1814E4881794F480174022077
:101D200007F082FA84E04C48808A01B24A488183F5
:101D3000474840784649097840EA01204649888268
:101D40004348C0784249897840EA012001B24248BC
:101D5000C1823F4840793E49097940EA012001B2F9
:101D60003D4801833A4802E008E060E02EE08179D6
:101D700039488176032007F057FA59E03648C08B7E
:101D800001B23548C184324840783149097840EA87
:101D900001203149C8832E48C0782D49897840EA0E
:101DA000012001B22C480184294840792849097949
:101DB00040EA012001B2284841842548817926481B
:101DC00080F82410042007F02FFA31E0234800881F
:101DD00000B2224908811E4840781D49097840EA2E
:101DE00001201E4908801A48C0781949897840EABC
:101DF000012000B2194948801548407914490979F1
:101E000040EA012000B21549888011488079887124
:101E1000092007F009FA0BE011480D490968016033
:101E20000B49097901710B2007F0FEF900E000BFB2
:101E300000BF0EB010BD000000640040880100200B
:101E4000C0080020684E0020925800200068004022
:101E500090010020E80800206058002088580020E9
:101E60008001002070477047704770B5044694F8B1
:101E70002000012822D1022084F820002068006878
:101E800020F001002168086000F026FB05460DE007
:101E900000F022FB401B0A2808D9606A40F4003099
:101EA0006062052084F82000012070BD2068406831
:101EB00000F001000028EBD16062F6E7606A40F4B0
:101EC000002060620120F0E770477047704770475C
:101ED00070477047704770B50446A56D00F0FCFA76
:101EE000064694F83500022808D08020606500BFBF
:101EF000002084F8340000BF012070BD2068006815
:101F000020F01600216808602068406920F08000F9
:101F100021684861206C08B9A06C28B1206800686D
:101F200020F00800216808602068006820F00100A7
:101F30002168086010E000F0CFFA801B05280BD95B
:101F400020206065032084F8350000BF002084F85D
:101F5000340000BF0320D0E72068006800F00100D3
:101F60000028E8D194F85C103F208840A860012048
:101F700084F8350000BF002084F8340000BF00BFA3
:101F8000BBE7014691F83500022803D08020486560
:101F900001207047052081F835000868006820F0AE
:101FA00001000A6810600020F3E70000F8B504465D
:101FB000002000908C4800684FF41651B0FBF1F7F8
:101FC000A56D2E6894F85C1008208840304098B1C8
:101FD0002068006800F0040070B12068006820F0FC
:101FE00004002168086094F85C1008208840A8600C
:101FF000606D40F00100606594F85C10012088403D
:10200000304068B12068406900F0800040B194F829
:102010005C1001208840A860606D40F0020060659F
:1020200094F85C1004208840304068B12068006853
:1020300000F0020040B194F85C1004208840A860D1
:10204000606D40F00400606594F85C1010208840DA
:10205000304078B32068006800F0080050B394F86E
:102060005C1010208840A8602068006800F4802080
:1020700080B12068006800F4002028B9206CC8B145
:102080002046216C884715E0A06C98B12046A16CD1
:1020900088470FE02068006800F4807028B9206845
:1020A000006820F0080021680860206C10B120460C
:1020B000216C884794F85C1020208840304000282C
:1020C00065D02068006800F0100000285FD094F808
:1020D0005C1020208840A86094F83500052828D19D
:1020E0002068006820F016002168086020684069B8
:1020F00020F0800021684861206C08B9A06C28B1EC
:102100002068006820F008002168086094F85C10DE
:102110003F208840A860012084F8350000BF0020DF
:1021200084F8340000BF206D10B12046216D88472F
:10213000F8BD2068006800F4802080B12068006845
:1021400000F4002028B9606C10B12046616C88470B
:102150001DE0E06BD8B12046E16B884717E02068AE
:10216000006800F4807068B92068006820F01000F2
:1021700021680860012084F8350000BF002084F841
:10218000340000BFE06B10B12046E16B8847606D02
:1021900038B3606D00F00100F0B1052084F835001F
:1021A0002068006820F001002168086000BF0098E6
:1021B000401C0090B84200D905E02068006800F09B
:1021C00001000028F3D100BF012084F8350000BFD2
:1021D000002084F8340000BFE06C10B12046E16CB0
:1021E000884700BFA4E70000400000202DE9F0412F
:1021F0000446002500F070F9074614B90120BDE837
:10220000F081606A00B100BF022084F8350000BF91
:10221000002084F8340000BF2068006820F001002E
:10222000216808600AE000F057F9C01B052805D9AD
:1022300020206065032084F83500E0E7206800680E
:1022400000F001000028EED1206805682148054013
:10225000D4E901010843E168084321690843616941
:102260000843A1690843E1690843216A084305431B
:10227000606A042803D1D4E90B01084305432068B0
:1022800005602068456925F00705606A0543606AB6
:1022900004280DD1A06A0543E06A48B12046FEF744
:1022A000B7FE28B140206065012084F83500A6E71C
:1022B000206845612046FEF791FE064694F85C10C2
:1022C0003F208840B06000206065012084F8350020
:1022D000002094E73F8010F0F8B502460B46002539
:1022E000002400200021D6E0012606FA01F51E6830
:1022F00006EA0504AC4274D11E7906F00306012EED
:1023000004D01E7906F00306022E13D190684F0008
:102310000326BE40B0434F00DE68BE4030439060AD
:10232000506801268E40B0431E79C6F300168E40D9
:10233000304350601E7906F00306032E09D0D068A2
:102340004F000326BE40B0434F009E68BE4030435E
:10235000D0601E7906F00306022E13D1CF0802F1D9
:10236000200656F827004E07F70E0F26BE40B04352
:102370004F07FF0E1E69BE403043CF0802F1200612
:1023800046F8270010684F000326BE40B0431E7970
:1023900006F003064F00BE40304310605E6806F44E
:1023A0004036002E76D000BF002600963C4E3668A0
:1023B00046F480463A4F3E603E46366806F4804614
:1023C000009600BF00BF374E8F0856F827008E07D3
:1023D000370F0F26BE40B043334EB24202D1002623
:1023E00024E057E0314EB24201D101261EE0304ECA
:1023F000B24201D1022619E02E4EB24201D103268B
:1024000014E02D4EB24201D104260FE02B4EB24211
:1024100001D105260AE02A4EB24201D1062605E086
:10242000284EB24201D1072600E008268F073F0F51
:10243000BE4030431B4E8F0846F82700224E3068BE
:10244000A0435E6806F4801606B120431E4E30603D
:10245000361D3068A0435E6806F4001606B12043BE
:10246000194E361D3060184E361F3068A0435E6826
:1024700006F4003606B12043134E361F3060361F77
:102480003068A0435E6806F4803606B120430E4EE5
:10249000083E3060491C1029FFF426AFF8BD00004B
:1024A0004438024008380140000002400004024065
:1024B00000080240000C02400010024000140240DC
:1024C00000180240001C0240083C01400AB1816132
:1024D00001E00B0483617047014800687047000009
:1024E0003400002003480068034909780844014982
:1024F00008607047340000203C00002010B50D48F3
:10250000006840F400700B4908600846006840F419
:10251000806008600846006840F48070086003200E
:1025200000F0DCF80F2000F007F800F05FF8002062
:1025300010BD0000003C02402DE9F04188B0044687
:102540000027B84600BF002001902348006840F0F3
:102550001000214908600846006800F01000019052
:1025600000BF00BF02A903A800F08EF9069F1FB9A3
:1025700000F0B2F9054602E000F0AEF94500174858
:10258000B5FBF0F0A0F1010815481649086040F2CB
:10259000E7311448C160C0F8048000210161816006
:1025A000816100F0DBFE064696B90E4800F092FF0E
:1025B00006466EB9362000F043F8102C07D20022F0
:1025C0002146362000F04CF80748046000E0012660
:1025D000304608B0BDE8F0814038024040420F006C
:1025E00000100040A40C00203800002008B500BFF7
:1025F000002000901148006840F480400F490860B6
:102600000846006800F48040009000BF00BF00BF93
:1026100000200090081F006840F08050091F0860EB
:102620000846006800F08050009000BF00BF002204
:102630000F21901E00F014F808BD0000443802403D
:1026400001460846002809DB00F01F0301229A40DA
:1026500043099B0003F1E023C3F8002100BF70474A
:102660002DE9F05F80460D461646002703F07AFDFF
:10267000074639462A46334601F00700C0F1070AEB
:10268000BAF1040F02D94FF0040A01E0C0F1070AC1
:10269000D14600F1040ABAF1070F02D24FF0000A46
:1026A00001E0A0F1030AD4464FF0010A0AFA09FA40
:1026B000AAF1010A0AEA020A0AFA0CFA4FF0010B1F
:1026C0000BFA0CFBABF1010B0BEA030B4AEA0B0410
:1026D0002146404603F04EFDBDE8F09F00BF00F0EC
:1026E0000702064B19684FF6FF031940044B0B43D2
:1026F00043EA0221014B196000BF70470CED00E076
:102700000000FA0570B504460D460CB9012070BDF5
:102710005848006800F00700A84209D255490D70DA
:102720000846006800F00700A84201D00120EEE74B
:10273000207800F0020002281DD1207800F004006B
:10274000042805D14C48006840F4E0504A4908602C
:10275000207800F00800082805D14748006840F4B8
:102760006040454908604448006820F0F000A168D6
:10277000084341490860207800F00100A8B3606870
:10278000012807D13C4808380068C0F34040B8B978
:102790000120BCE76068022802D06068032807D1E6
:1027A000354808380068C0F3406048B90120AEE7FA
:1027B000314808380068C0F3400008B90120A6E796
:1027C0002D48006820F00300616808432A4908602A
:1027D000FFF782FE064609E0FFF77EFE801B41F20E
:1027E0008831884202D9032091E707E02248006837
:1027F00000F00C006168B0EB810FEDD11D4800685E
:1028000000F00700A84209D91A490D70084600686F
:1028100000F00700A84201D0012078E7207800F0FE
:102820000400042807D11448006820F4E050E1684F
:10283000084311490860207800F00800082808D1F2
:102840000D48006820F46040216940EAC1000A494F
:10285000086000F061F808490968C1F30311074AEC
:10286000515CC8400649086006480068FFF764FEEE
:1028700000204CE7003C02400838024004E0000819
:1028800040000020380000200F2202600D4A12682C
:1028900002F0030242600B4A126802F0F00282600A
:1028A000084A126802F4E052C260064A126802F452
:1028B0006042D2080261044A126802F007020A600C
:1028C0007047000008380240003C024001480068A0
:1028D000704700004000002000B5FFF7F7FF0449F3
:1028E0000968C1F38221034A515CC84000BD000061
:1028F0000838024014E0000800B5FFF7E7FF04497C
:102900000968C1F34231034A515CC84000BD000070
:102910000838024014E000082DE9F04700240025A3
:102920000026A1462548006800F00C0020B10428CC
:1029300005D008283AD105E0DFF8849039E0DFF8C7
:10294000849036E01D48001F006800F03F041B48DB
:10295000001F006800F4800078B11A481749091F69
:102960000968C1F38811A0FB0170014622460023CB
:102970003846FDF7F9FC05460EE011480F49091FDE
:102980000968C1F38811A0FB0170014622460023AB
:102990003846FDF7E9FC05460848001F0068C0F30B
:1029A0000140401C4600B5FBF6F902E0DFF810904C
:1029B00000BF00BF4846BDE8F0870000083802406D
:1029C0000024F400001BB700F8B504460CB9012040
:1029D000F8BD207800F00100002874D0F9480068A4
:1029E00000F00C0004280DD0F648006800F00C0040
:1029F000082813D1F348001F006800F48000B0F5E8
:102A0000800F0BD1EF4808380068C0F34040002821
:102A100059D06068002856D10120D9E700BF60680E
:102A2000B0F5803F08D1E7480838006840F48030AE
:102A3000E449083908601EE06068B0F5A02F0DD1A8
:102A4000E0480838006840F48020DE490839086012
:102A50000846006840F4803008600CE0D948083827
:102A6000006820F48030D7490839086008460068BB
:102A700020F48020086000BF606890B1FFF72CFD53
:102A8000054606E0FFF728FD401B642801D9032016
:102A90009EE7CC4808380068C0F340400028F1D0D9
:102AA00011E0FFF719FD054606E0FFF715FD401B95
:102AB000642801D903208BE7C24808380068C0F3B6
:102AC00040400028F1D1207800F0020002285FD1B8
:102AD000BC48006800F00C0058B1BA48006800F02B
:102AE0000C0008281CD1B748001F006800F48000C3
:102AF000B0B9B44808380068C0F3400020B1E068BD
:102B0000012801D0012063E7AE480838006820F0B2
:102B1000F800216940EAC100AA490839086037E095
:102B2000E06800B30120A8490860FFF7D5FC05461E
:102B300006E0FFF7D1FC401B022801D9032047E73C
:102B4000A04808380068C0F340000028F1D09D4834
:102B50000838006820F0F800216940EAC10099496E
:102B60000839086014E0002097490860FFF7B4FCBA
:102B7000054606E0FFF7B0FC401B022801D9032000
:102B800026E7904808380068C0F340000028F1D1DB
:102B9000207800F0080008282CD16069A8B1012035
:102BA0008A490860FFF798FC054606E0FFF794FCA9
:102BB000401B022801D903200AE782486C300068D4
:102BC000C0F340000028F1D014E000207F490860E5
:102BD000FFF782FC054606E0FFF77EFC401B02285B
:102BE00001D90320F4E677486C300068C0F3400058
:102BF0000028F1D1207800F00400042870D10027CB
:102C000070483830006800F0805090B900BF002054
:102C100000906C483830006840F080506949383185
:102C200008600846006800F08050009000BF00BFB8
:102C300001276748006800F48070B0B964480068F4
:102C400040F4807062490860FFF746FC054606E0E4
:102C5000FFF742FC401B022801D90320B8E65C487C
:102C6000006800F480700028F2D000BFA06801283E
:102C700008D154486830006840F00100514968317B
:102C800008601DE0A06805280DD14E486830006836
:102C900040F004004B49683108600846006840F085
:102CA000010008600CE047486830006820F001002F
:102CB0004449683108600846006820F00400086054
:102CC00000BFA068A8B1FFF707FC054609E0FFF7C1
:102CD00003FC401B41F28831884202D9032077E689
:102CE00026E0384868300068C0F340000028EED085
:102CF00013E0FFF7F1FB054608E0FFF7EDFB401B93
:102D000041F28831884201D9032061E62D486830BC
:102D10000068C0F340000028EFD1012F07D12948F7
:102D20003830006820F0805026493831086000BFF4
:102D3000A069002845D02348006800F00C0008284E
:102D40005DD0A069022845D100201F490866FFF721
:102D5000C3FB054606E0FFF7BFFB401B022801D975
:102D6000032035E6174808380068C0F340600028A3
:102D7000F1D1D4E907010843616A40EA81110122D7
:102D8000A06AC2EB500041EA00412C20005D41EAFC
:102D900000600C49091F086001200B490866FFF715
:102DA0009BFB054606E0FFF797FB401B022801D975
:102DB00003200DE6034808380068C0F3406000288F
:102DC000F1D049E00838024000004742800E4742F7
:102DD00000700040002021490866FFF77DFB054692
:102DE00006E0FFF779FB401B022801D90320EFE53D
:102DF0001B480068C0F340600028F2D12CE0A069B5
:102E0000012800D1E4E51648001D0668A0690128E4
:102E100020D006F48001E06981421BD106F03F0119
:102E2000206A814216D147F6C0703040616AB0EB2B
:102E3000811F0FD106F440310122A06AC2EB50007D
:102E4000B1EB004F06D106F070612C20005DB1EBB4
:102E5000006F01D00120BBE50020B9E5000047422A
:102E60000038024010B504460CB9012010BD606A5C
:102E700038B96068B0F5827F00D105E00021E161DA
:102E800002E00021216161610021A16294F85100FA
:102E900028B9002084F85000204600F047F80220AE
:102EA00084F851002068006820F040002168086024
:102EB000A08800F48270218901F404410843A189AB
:102EC00001F400610843217C01F002010843217DE7
:102ED00001F001010843218B01F400710843217FB7
:102EE00001F0380108432021095D01F08001084309
:102EF000218D01F400510843216808600421A06974
:102F000001EA104094F8241001F0100108432168F0
:102F100048602068C06920F400602168C861002012
:102F20006065012084F8510000209FE710B586B04D
:102F30000446142101A8FDF747FB48492068884250
:102F40007ED100BF002000904548006840F48050CA
:102F5000434908600846006800F48050009000BFB4
:102F600000BF00BF002000903D481438006840F0CA
:102F700002003B49143908600846006800F002006E
:102F8000009000BF00BF00BF00200090084600680E
:102F900040F0010008600846006800F00100009061
:102FA00000BF00BF18200190022002900020039073
:102FB000032004900520059001A92A48FFF78CF909
:102FC00080200190022002900020039003200490B2
:102FD0000520059001A92448FFF77EF923482449DC
:102FE00008604FF0C0604860002121488160C160E6
:102FF0004FF480610161002141618161C161016221
:103000004162FFF7F3F808B1FEF78AF800BF1848ED
:10301000E064846300BF15481830164908604FF01B
:10302000C06048604021134881600021C1604FF4B6
:1030300080610161002141618161C161016200E043
:103040000AE04162FFF7D2F808B1FEF769F800BF65
:103050000848A064846300BF06B010BD0030014082
:103060004438024000040240000002404064024034
:1030700068090020C80900202DE9FF5F0446884642
:1030800091461D460E9E012002900020019000BF37
:1030900094F85000012803D1022004B0BDE8F09F4D
:1030A000012084F8500000BFFFF716FA074694F895
:1030B00051B060680390AA46BBF1010F0BD0039892
:1030C000B0F5827F04D1A06810B9BBF1040F02D023
:1030D00002200190DBE0B8F1000F03D0B9F1000F3E
:1030E00000D015B901200190D1E094F851000428D6
:1030F00002D0052084F8510000206065C4F83890A3
:10310000E587A587C4F83080E586A58620646064DD
:103110002068006800F04000402805D02068006862
:1031200040F0400021680860E068B0F5006F4AD1C7
:10313000606810B1BAF1010F09D1206B00882168D5
:10314000C860206B801C2063E08E401EE08633E068
:103150002068806800F00200022810D1E08E70B173
:10316000029801280BD1206B00882168C860206B71
:10317000801C2063E08E401EE086002002902068C4
:10318000806800F0010068B1E08F58B12068C06825
:10319000A16B0880A06B801CA063E08F401EE087BD
:1031A00001200290FFF798F9C01BB04204D3701CB5
:1031B00010B1032001906AE0E08E0028C8D1E08FB2
:1031C0000028C5D14AE0606810B1BAF1010F09D1F9
:1031D000206B007821680873206B401C2063E08E10
:1031E000401EE08634E02068806800F0020002287B
:1031F00010D1E08E70B1029801280BD1206B0078BD
:1032000021680873206B401C2063E08E401EE0861E
:10321000002002902068806800F0010068B1E08F13
:1032200058B12068C068A16B0870A06B401CA063F7
:10323000E08F401EE08701200290FFF74DF9C01B90
:10324000B04201D3701C00B916B9032001901EE0F2
:10325000E08E0028C7D1E08F0028C4D13A4631461D
:10326000204602F001F820B1012001902020606585
:103270000DE0A06850B900BF002000902068C06831
:10328000009020688068009000BF00BF00BF012050
:1032900084F8510000BF002084F8500000BF01985E
:1032A000FBE670477047000030B502460B4600BF92
:1032B00092F83C00012801D1022030BD012082F8A3
:1032C0003C0000BF022082F83D001068446810688E
:1032D000816824F070041868044310684460184D35
:1032E0001068A8421BD01068B0F1804F17D0154D60
:1032F0001068A84213D0144D1068A8420FD0134D87
:103300001068A8420BD0124D1068A84207D0114D8A
:103310001068A84203D0104D1068A84205D121F0D2
:1033200080015868014310688160012082F83D00E7
:1033300000BF002082F83C0000BF00BFBDE70000D6
:10334000000001400004004000080040000C004064
:1033500000040140004001400018004010B5044640
:103360000CB9012010BD94F83D0028B9002084F864
:103370003C00204600F026F8022084F83D00211D84
:10338000206802F00DF9012084F8460000BF84F89F
:103390003E0001213F2001554020015541200155AB
:1033A00000BF00BF012084F84200432001554420A3
:1033B00001554520015500BF012084F83D00002043
:1033C000D0E7000038B504461849206888420FD17C
:1033D00000BF002000901648006840F00400144927
:1033E00008600846006800F00400009000BF1BE081
:1033F00010492068884217D100BF002000900C4877
:10340000006840F008000A4908600846006800F0BB
:103410000800009000BF00BF002205213220FFF706
:103420001FF93220FFF70CF938BD000000080040FA
:1034300040380240000C0040014691F83D00012850
:1034400001D001207047022081F83D001A4B086826
:1034500098421BD00868B0F1804F17D0174B08680E
:10346000984213D0164B086898420FD0154B086845
:1034700098420BD0144B0868984207D0134B086849
:10348000984203D0124B086898420CD108688068B3
:1034900000F00702062A0CD00868006840F001001E
:1034A0000B68186005E00868006840F001000B68D0
:1034B00018600020C6E70000000001400004004042
:1034C00000080040000C00400004014000400140A2
:1034D00000180040014691F83D00012801D001206C
:1034E0007047022081F83D000868C06840F0010084
:1034F0000B68D8601A4B086898421BD00868B0F176
:10350000804F17D0174B0868984213D0164B0868A5
:1035100098420FD0154B086898420BD0144B08689E
:10352000984207D0134B0868984203D0124B0868A2
:1035300098420CD10868806800F00702062A0CD077
:103540000868006840F001000B68186005E0086832
:10355000006840F001000B6818600020C0E7000020
:10356000000001400004004000080040000C004042
:103570000004014000400140001800402DE9F041E6
:1035800004460D46002700BF94F83C00012802D1F4
:103590000220BDE8F081012084F83C0000BF022039
:1035A00084F83D002068866826F0770626F47F467A
:1035B000206886602868502833D00CDC202850D042
:1035C00004DC00284BD0102851D149E0302849D0E4
:1035D00040284CD139E060282DD0702807D0B0F5B4
:1035E000805F03D0B0F5005F41D10DE041E0D5E947
:1035F00002136A68206802F050F82068866846F076
:1036000077062068866034E0D5E902136A6820688E
:1036100002F043F82068806840F4804021688860A8
:1036200027E0EA686968206802F028F950212068DC
:1036300002F03EF81DE0EA686968206802F031F99E
:103640006021206802F034F813E0EA6869682068B5
:1036500002F014F94021206802F02AF809E000BFC6
:1036600000BF00BF2968206802F022F801E00127AE
:1036700000BF00BF012084F83D0000BF002084F897
:103680003C0000BF384684E7704710B50446206808
:103690000069C0F34000D8B12068C068C0F34000A2
:1036A000B0B16FF002002168086101202077206826
:1036B000806900F0030018B12046FFF7E5FF05E040
:1036C000204600F0DFF8204600F093F90020207734
:1036D00020680069C0F38000D8B12068C068C0F3DA
:1036E0008000B0B16FF004002168086102202077EB
:1036F0002068806900F4407018B12046FFF7C4FFCD
:1037000005E0204600F0BEF8204600F072F90020E7
:10371000207720680069C0F3C000D8B12068C06875
:10372000C0F3C000B0B16FF0080021680861042048
:1037300020772068C06900F0030018B12046FFF729
:10374000A3FF05E0204600F09DF8204600F051F967
:103750000020207720680069C0F30010D8B12068ED
:10376000C068C0F30010B0B16FF0100021680861AC
:10377000082020772068C06900F4407018B1204606
:10378000FFF782FF05E0204600F07CF8204600F0BD
:1037900030F9002020772068006900F0010058B15E
:1037A0002068C06800F0010030B16FF001002168AE
:1037B0000861204600F0A4F920680069C0F3C01039
:1037C00058B12068C068C0F3C01030B16FF08000FD
:1037D000216808612046FFF764FD20680069C0F396
:1037E000801058B12068C068C0F3801030B16FF00D
:1037F000400021680861204600F0F8F9206800695F
:10380000C0F3401058B12068C068C0F3401030B118
:103810006FF02000216808612046FFF743FD10BDCE
:1038200010B586B00446142101A8FCF7CDFE12495C
:10383000206888421DD100BF002000900F4800681A
:1038400040F008000D4908600846006800F00800D4
:10385000009000BF00BF4FF4804001900220029012
:103860000020039004900220059001A90448FEF76F
:1038700033FD06B010BD00000008004030380240A3
:10388000000C024070472DE9F04104460D461646F3
:10389000002700BF94F83C00012802D10220BDE8B7
:1038A000F081012084F83C0000BF36B1042E1BD00B
:1038B000082E31D00C2E5ED145E02946206801F05B
:1038C00001FF2068806940F0080021688861206855
:1038D000806920F004002168886120688069296976
:1038E00008432168886148E02946206801F022FFEA
:1038F0002068806940F400602168886120688069E0
:1039000020F480602168886120688069296940EA24
:1039100001202168886130E02946206801F048FFD5
:103920002068C06940F008002168C8612068C0694B
:1039300020F004002168C8612068C0692969084333
:103940002168C86119E02946206801F06DFF2068F0
:10395000C06940F400602168C8612068C06920F433
:1039600080602168C8612068C069296940EA012037
:103970002168C86101E0012700BF00BF00BF00202F
:1039800084F83C0000BF384689E710B504460CB9FE
:10399000012010BD94F83D0028B9002084F83C00B7
:1039A000204600F025F8022084F83D00211D206803
:1039B00001F0F6FD012084F8460000BF84F83E00C7
:1039C00001213F200155402001554120015500BFF4
:1039D00000BF012084F842004320015544200155D6
:1039E0004520015500BF012084F83D000020D0E7AC
:1039F0007047704770B504460D4615B994F83E00FF
:103A00000BE0042D02D13F20005D06E0082D02D11D
:103A10004020005D01E04120005D012801D001202F
:103A200070BD1DB9022084F83E000EE0042D03D1C4
:103A300002213F20015508E0082D03D1022140203A
:103A4000015502E00221412001550122294620684A
:103A500001F012FE23492068884203D022492068E1
:103A6000884201D1012000E0002028B12068406C8C
:103A700040F40040216848641A49206888421BD0FD
:103A80002068B0F1804F17D018492068884213D0C1
:103A90001749206888420FD01649206888420BD009
:103AA00011492068884207D013492068884203D012
:103AB0001249206888420CD12068806800F007060F
:103AC000062E0CD02068006840F0010021680860D4
:103AD00005E02068006840F00100216808600020CF
:103AE0009EE7000000000140000401400004004087
:103AF00000080040000C0040004001400018004059
:103B000010B5044631492068884258D13048D0F871
:103B10008C01B0F8CB04401F00EE100AF8EEC00A8A
:103B2000B2EE041A80EE810ADFED2A0A80EE201A36
:103B30009FED290A70EE410A2548D0F88C01B0F8B3
:103B4000CD142348D0F88C01B0F89F04081A283807
:103B500000EE100AB8EEC00A80EE201ABCEEC10AD0
:103B600010EE100A1D4908801D48407E20B11D48F6
:103B70000088401C1B490880184800881E381949D5
:103B80000988884206DC0020114981F89001154916
:103B9000088003E001200E4981F890010C48D0F81C
:103BA0008C01B0F8CD140A48D0F88C01B0F89F040D
:103BB000081A282803DC0020054981F890010A49E9
:103BC0002068884201D1FEF78DFC10BD000C00403A
:103BD0002856002000007A449999993E020000205E
:103BE000684E002000000020001000407047704721
:103BF000704700002DE9F84F0446206805682068EA
:103C0000C668206847694FF00009CA4605F00F09E9
:103C1000B9F1000F0AD105F0200038B106F02000FC
:103C200020B1204601F0EAFEBDE8F88FB9F1000F9F
:103C30007CD007F0010018B906F49070002875D008
:103C400005F0010030B106F4807018B1206C40F02E
:103C50000100206405F0040030B107F0010018B144
:103C6000206C40F00200206405F0020030B107F043
:103C7000010018B1206C40F00400206405F0080039
:103C800048B106F0200010B907F0010018B1206C0F
:103C900040F008002064206C002846D005F0200089
:103CA00028B106F0200010B1204601F0A7FE2068E0
:103CB0004069C0F3801A206C00F0080010B9BAF116
:103CC000000F2DD0204601F053FE2068406900F01F
:103CD0004000402820D100BF00BF2168143151E8C6
:103CE000001F21F040002168143141E80002002A41
:103CF000F3D100BFA06B50B17548A16B0865A06BF4
:103D0000FEF73FF988B1A06B016D88470DE02046B2
:103D1000FFF76EFF09E009E02046FFF769FF04E0C6
:103D20002046FFF765FF002020647DE7206B012817
:103D300076D105F01000002872D006F0100000289F
:103D4000FAD000BF00200090206800680090206832
:103D50004068009000BF00BF2068406900F040004C
:103D600040285ED1A06B006840681FFA80F8B8F167
:103D7000000F54D0A08D404551DDA4F82E80A06BDB
:103D8000C069B0F5807F43D000BF00BF21680C310F
:103D900051E8001F21F4807021680C3141E80002D5
:103DA000002AF3D100BF00BF00BF2168143151E8E1
:103DB000001F21F001002168143141E80002002AAF
:103DC000F3D100BF00BF00BF2168143151E8001FCC
:103DD00021F040002168143141E80002002AF3D1AB
:103DE00000BF202084F83E000020206300BF00BFF9
:103DF00021680C3151E8001F21F0100021680C31BE
:103E000041E80002002AF3D100BFA06BFEF763F87F
:103E1000A08DE28D801A81B22046FFF7E8FE03E70D
:103E200040E0A08DE18D401A1FFA80F8E08DC0B30C
:103E3000B8F1000F35D000BF00BF21680C3151E848
:103E4000001F21F4907021680C3141E80002002A23
:103E5000F3D100BF00BF00BF2168143151E8001F3B
:103E600021F001002168143141E80002002AF3D159
:103E700000BF202084F83E000020206300BF00BF68
:103E800021680C3151E8001F21F0100021680C312D
:103E900041E80002002AF3D100BF41462046FFF767
:103EA000A6FEC1E605F0800030B106F0800018B132
:103EB000204601F035FFB7E605F0400030B106F0CE
:103EC000400018B1204601F089FDADE600BFABE629
:103ED0005D59000810B504460CB9012010BDA06959
:103EE00000B100E000BF94F83D0028B9002084F83C
:103EF0003C00204600F028F8242084F83D0020688B
:103F0000C06820F400502168C860204601F0F2FD2E
:103F10002068006920F490402168086120684069A9
:103F200020F02A00216848612068C06840F40050F1
:103F30002168C86000202064202084F83D0084F8B7
:103F40003E000020CAE7000010B586B004461421E8
:103F500001A8FCF739FB99492068884256D100BF77
:103F6000002000909648006840F0100094490860D6
:103F70000846006800F01000009000BF00BF00BFBE
:103F8000002000908E481438006840F002008C49F0
:103F9000143908600846006800F00200009000BF75
:103FA00000BF00BF002000900846006840F00100FC
:103FB00008600846006800F00100009000BF00BFE4
:103FC00080200190022002900020039003200490A2
:103FD0000720059001A97B48FEF77EF94FF4007099
:103FE00001900220029000200390032004900720FB
:103FF000059001A97448FEF76FF9002205212520DC
:10400000FEF72EFB2520FEF71BFBD4E06F4920684E
:10401000884258D100BF002000906948001F006806
:1040200040F480206649091F08600846006800F4D3
:104030008020009000BF00BF00BF002000906048BB
:104040001438006840F004005D49143908600846DF
:10405000006800F00400009000BF00BF4FF4406013
:10406000019002200290002003900320049007207A
:10407000059001A95648FEF72FF9564856490860A1
:104080004FF000604860002153488160C1604FF4E8
:1040900080610161002141618161C1610162416210
:1040A000FEF7A4F808B1FDF73BF800BF4A48A0634B
:1040B000846300BF002205212720FEF7D1FA2720C4
:1040C000FEF7BEFA77E045492068884273D100BF09
:1040D000002000903A48006840F02000384908600D
:1040E0000846006800F02000009000BF00BF00BF3D
:1040F0000020009032481438006840F040003049F9
:10410000143908600846006800F04000009000BFC5
:1041100000BF4FF4844001900220029000200390E1
:10412000032004900820059001A92D48FEF7D4F83B
:104130002C482D4908608005486000212A4881608C
:10414000C1604FF480610161002141618161C16101
:1041500001624162FEF74AF808B1FCF7E1FF00BFD7
:104160002148A063846300BF1E4878301F4908605F
:104170004FF02060486040211C4881600021C160F0
:104180004FF480610161002141618161C16101627F
:104190004162FEF72BF808B1FCF7C2FF00BF1348DD
:1041A0006063846300BF002205214720FEF758FAB0
:1041B0004720FEF745FA06B010BD00000010014090
:1041C0004438024000040240000002400048004021
:1041D0000008024028600240840B002000140140C7
:1041E0000018024028640240E40B0020440C002028
:1041F00070472DE9F84F04460E46174699464FF092
:10420000000A94F83D0020285AD106B117B90120C0
:10421000BDE8F88F00BF94F83C00012801D10220CE
:10422000F6E7012084F83C0000BF00202064212034
:1042300084F83D00FEF750F98246A784E784A06821
:10424000B0F5805F04D1206910B90025B04602E0C6
:1042500035464FF0000800BF002084F83C0000BF46
:104260001BE05346002280212046CDF8009001F04B
:1042700087FD08B10320CBE745B9B8F80000C0F3CB
:1042800008002168486008F1020803E028782168E6
:1042900048606D1CE08C401EE084E08C0028E0D17A
:1042A0005346002240212046CDF8009001F068FDE1
:1042B00008B10320ACE7202084F83D000020A7E7E8
:1042C0000220A5E7704700BFFEE70000002007F0CE
:1042D0008BF802E0642005F09FFCFCF732FB00281D
:1042E000F8D1354AA2F10C01101DFCF739FB00236F
:1042F000DFED320A9FED320A324A0121324800F0E6
:1043000027FE3248FCF7ACFA314805F06DFB51E06E
:10431000294AA2F10C01101DFCF722FB2C4926486A
:10432000001D05F0BBFB2448103890ED033AF0EE79
:10433000432A90ED023AB0EE432A90ED013AF0EEB6
:10434000431A90ED073AB0EE431A90ED063AF0EEBC
:10435000430A90ED053AB0EE430A1C4800F084FB96
:10436000154B1C331A1F111F184805F07DFA002049
:1043700011E01149143101EB800191ED000ADFEDEC
:10438000150A20EE200A0C49143101EB800181ED61
:10439000000A411CC8B20328EBDB0748103890ED37
:1043A0000A0AFFEE000A20EE200A80ED0A0A012028
:1043B00005F032FCACE70000984E002000808945F3
:1043C00000A08C4528E00008B84E0020304F0020A7
:1043D0004C4F0020E12E654270B55148458A514846
:1043E0000088684000EA05044E480088684020EADA
:1043F00005064C48058014224B4901F11400FCF7D6
:104400002AF8402C03D101204749887102E000209E
:1044100045498871802C03D101204349C87102E0CD
:1044200000204149C871B4F5807F03D101203E4985
:10443000087202E000203C490872B4F5007F03D105
:1044400001203949487202E0002037494872B4F52A
:10445000806F03D101203449887202E00020324984
:104460008872B4F5006F03D101202F49C87202E0B1
:1044700000202D49C872B4F5805F03D101202A497C
:10448000087302E0002028490873B4F5005F03D1E7
:1044900001202549487302E0002023494873B4F500
:1044A000804F03D101202049887302E000201E497B
:1044B0008873B4F5004F03D101201B49C87302E093
:1044C00000201949C873102C03D101201649087126
:1044D00002E0002014490871202C03D10120124968
:1044E000487102E00020104948710F4840790E4998
:1044F000497A08400C49087408464079C97B08404D
:10450000094948740846C07A497A084006498874BF
:104510000846C07AC97B08400349C87470BD0000D2
:10452000684E0020700100203858002010B50E4859
:104530000E4908600320486000210C488160C1607A
:104540004FF4102101614FF4001141610021017607
:1045500041768176C17601774177FDF7B6F908B1EA
:10456000FCF7DEFD10BD000000640040C008002024
:1045700010B50D480D4908600320486000210B4824
:104580008160C1604FF430210161002141610176F9
:1045900041768176C17601774177FDF796F908B1CA
:1045A000FCF7BEFD10BD000000680040E8080020D8
:1045B00008B500BF002000902248006840F4800049
:1045C000204908600846006800F48000009000BFA1
:1045D00000BF00BF002000900846006840F40010B3
:1045E00008600846006800F40010009000BF00BF9B
:1045F000002205210C20FEF733F80C20FEF720F8EE
:10460000002205213920FEF72BF83920FEF718F893
:10461000002205213A20FEF723F83A20FEF710F891
:10462000002205213B20FEF71BF83B20FEF708F88F
:10463000002205214520FEF713F84520FEF700F87B
:1046400008BD00003038024000B5BFB01C2236491A
:1046500038A8FBF787FF002138A805F0EEFA3349A8
:1046600008601C2230491C3131A8FBF77BFF002178
:1046700031A805F0E2FA2E4908601C222A49383197
:104680002AA8FBF76FFF00212AA805F0D6FA2949CE
:1046900008601C222449543123A8FBF763FF002142
:1046A00023A805F0CAFA244908601C221E4970316B
:1046B0001CA8FBF757FF00211CA805F0BEFA1F49F4
:1046C00008601C2218498C3115A8FBF74BFF00210C
:1046D00015A805F0B2FA1A4908601C221249A8313F
:1046E0000EA8FBF73FFF00210EA805F0A6FA15491A
:1046F00008601C220C49C43107A8FBF733FF0021D6
:1047000007A805F09AFA104908601C220649E03112
:104710006846FBF727FF0021684605F08EFA0B4933
:1047200008603FB000BD000000DF00080800002066
:104730000C000020100000201400002018000020B1
:104740001C00002020000020240000202800002061
:1047500000B587B0142102A8FBF736FF00BF002088
:1047600001903D48006840F002003B49086008465F
:10477000006800F00200019000BF00BF00BF0020F1
:1047800001900846006840F0400008600846006854
:1047900000F04000019000BF00BF00BF002001906A
:1047A0000846006840F0010008600846006800F014
:1047B0000100019000BF00BF00BF0020019008462B
:1047C000006840F0080008600846006800F0080033
:1047D000019000BF00BF00BF0020019008460068A4
:1047E00040F0040008600846006800F004000190F2
:1047F00000BF00BF00BF002001900846006840F0E5
:10480000800008600846006800F08000019000BF4A
:1048100000BF012210211148FDF758FE0122114668
:104820000F48FDF753FE1020029001200390002056
:1048300004900220059002A90848FDF74DFD0120D3
:1048400002900390002004900220059002A90448E1
:10485000FDF742FD07B000BD3038024000000240C5
:104860000004024010B50F480F4908604FF48270F1
:10487000486000210C488160C16002210161012172
:104880004161490281613821C161002101624162B7
:1048900081620A21C162FEF7E5FA08B1FCF740FC2B
:1048A00010BD0000003001401009002000B58DB09F
:1048B000002009900A900B900C90079008901C2102
:1048C0006846FBF781FE20482049086000204860C8
:1048D00000211E48816045F20721C160002101616D
:1048E0008161FEF73BFD08B1FCF71AFC4FF48050E4
:1048F000099009A91548FEF741FE08B1FCF710FC24
:104900001248FFF742F808B1FCF70AFC00200790B4
:10491000089007A90D48FEF7C7FC08B1FCF700FC9A
:1049200060200090002001900290049008226946C7
:104930000648FEF7A8FF08B1FCF7F2FB0348FEF7B4
:104940006FFF0DB000BD000000080040280A0020E5
:1049500000B587B000200390049005900690019068
:10496000029015481549086000204860002113484E
:1049700081604AF20F41C1600021016180218161A3
:10498000FEF7ECFC08B1FCF7CBFB4FF48050039032
:1049900003A90A48FEF7F2FD08B1FCF7C1FB0020AD
:1049A0000190029001A90548FEF77EFC08B1FCF7D2
:1049B000B7FB07B000BD0000000C0040700A0020EB
:1049C00010B50B480B4908604FF4E13048600021F6
:1049D00008488160C16001610C2141610021816151
:1049E000C161FFF777FA08B1FCF79AFB10BD000030
:1049F00000100140B80A002010B50A480A490860B2
:104A00000A484860002108488160C16001610C21AA
:104A1000416100218161C161FFF75CFA08B1FCF7D7
:104A20007FFB10BD00480040FC0A0020A08601006A
:104A300010B50B480B4908604FF4E1304860002185
:104A400008488160C16001610C21416100218161E0
:104A5000C161FFF73FFA08B1FCF762FB10BD00002F
:104A600000140140400B002000B52DED068B0246DE
:104A7000B0EE403AF0EE603AB0EE414AF0EE615AE4
:104A8000F0EE424AB0EE625AF5EEC05AF1EE10FA7C
:104A900009D1F5EEC04AF1EE10FA04D1B5EEC05AD4
:104AA000F1EE10FA7ED065EEA50A44EEA40A45EEBA
:104AB000050AB0EE600A05F00BF8F0EE402A25EE8C
:104AC000A20AF0EE405A24EEA20AF0EE404A25EE89
:104AD000220AB0EE405A92ED010AD2ED030A20EE0E
:104AE000200AD2ED000A92ED021AF0EE408A40EE62
:104AF000C18A92ED000AD2ED010A20EE200AD2ED21
:104B0000020A92ED031AF0EE409A40EE819AD2ED3D
:104B1000000A92ED001AB6EE000A10EE810AD2EDFC
:104B2000030A92ED031AB0EE409A00EE819A24EE49
:104B3000890AF0EE407A45EE697A25EE280AB0EE51
:104B400040AA05EEC9AA25EEA90AB0EE408A04EEF5
:104B5000E88A7C4890ED000AB5EEC00AF1EE10FA42
:104B600040DD90ED000A60EE270A774890ED000ADC
:104B70009FED761A00EE810A80ED000A714890EDF3
:104B8000000A60EE0A0A724890ED000A9FED6F1A63
:104B900000EE810A80ED000A6A4890ED000A60EE9E
:104BA000080A00E046E06B4890ED000A9FED671AA6
:104BB00000EE810A80ED000A634890ED000A33EEB2
:104BC000000AB0EE403A624890ED000A33EE800AE7
:104BD000F0EE403A5F4890ED000A34EE000AB0EE85
:104BE000404A0EE09FED5C0A574880ED000A9FEDB9
:104BF0005A0A574880ED000A9FED570A554880ED44
:104C0000000A5648D0ED000AB0EE430A00EEA70AAB
:104C1000B0EE403AD0ED000AB0EE630A00EE8A0A28
:104C2000F0EE403AD0ED000AB0EE440A00EE880AF9
:104C3000B0EE404A9FED4A0A23EE000AB0EE403A39
:104C40009FED470A23EE800AF0EE403A9FED440ABA
:104C500024EE000AB0EE404A92ED006AD2ED016AFD
:104C600092ED027AB1EE660A20EE030A07EE630ABD
:104C7000D2ED030A00EEC40AD2ED000A30EE200A9B
:104C800082ED000A26EE030A07EE040AD2ED030ABB
:104C900000EEE30AD2ED010A30EE200A82ED010AAD
:104CA00026EE230A06EEC40AD2ED030A00EE830ABA
:104CB000D2ED020A30EE200A82ED020A26EE040A44
:104CC00006EEA30A07EE430AD2ED030A30EE200AED
:104CD00082ED030AD2ED000A60EEA00A92ED011AFD
:104CE000D2ED011A41EE210A92ED021AD2ED021A1A
:104CF00041EE210A92ED031AD2ED031A41EE210A88
:104D0000B0EE600A04F0E4FEF0EE402A92ED000AF4
:104D100020EE220A82ED000A92ED010A20EE220A1C
:104D200082ED010A92ED020A20EE220A82ED020AC9
:104D300092ED030A20EE220A82ED030ABDEC068BF7
:104D400000BD0000D0010020D40100206F12833A82
:104D5000D8010020DC01002000000000CC01002070
:104D60006F12033AF0EE400AF5EEC00AF1EE10FAC7
:104D700002DDB0EE600A7047B1EE600AFBE700BFEB
:104D8000FEE700BFFEE7000070B52DED028B044684
:104D9000B0EE408AF0EE608A002524B99FED680AE3
:104DA000BDEC028B70BD94F8600000F0800060B133
:104DB0002046FBF7CDFE7020005D30B19FED600A0C
:104DC00084ED080A9FED5E0AEAE794ED100A84ED8F
:104DD000110A94ED0F0A84ED100AC4ED068A84EDE1
:104DE000078AC5F1010000EE100AB8EEC00A78EE9D
:104DF000C80A60EE200A94ED101A00EE105AB8EEC0
:104E0000400A40EE010AC4ED0F0A207808BB94ED79
:104E10000F0ADFED4C0AB4EEE00AF1EE10FA07DDFE
:104E200094ED0F0ADFED480A30EE600A84ED0F0AB8
:104E300094ED0F0ADFED450AB4EEE00AF1EE10FA48
:104E400007D294ED0F0ADFED400A30EE200A84ED20
:104E50000F0A94ED010AD4ED0F0A20EE200A84ED2A
:104E6000090A94ED0A0AD4ED020A94ED0F1A00EE35
:104E7000810A84ED0A0A94ED0D0A84ED0E0A94ED80
:104E80000C0A84ED0D0A94ED0F0AD4ED100A30EEF1
:104E9000600A84ED0C0A94ED030AD4ED0C0A20EEAE
:104EA000200A84ED0B0A94ED0A0AD4ED050AB4EE4B
:104EB000E00AF1EE10FA04DD94ED050A84ED0A0A29
:104EC00010E094ED0A0AD4ED050AF1EE600AB4EEA2
:104ED000E00AF1EE10FA05D294ED050AB1EE400AAF
:104EE00084ED0A0A94ED090AD4ED0A0A30EE200A8C
:104EF000D4ED0B0A30EE200A84ED080A94ED080A7E
:104F0000D4ED040AB4EEE00AF1EE10FA04DD94EDFB
:104F1000040A84ED080A10E094ED080AD4ED040AAE
:104F2000F1EE600AB4EEE00AF1EE10FA05D294ED6B
:104F3000040AB1EE400A84ED080A94ED080A2FE74E
:104F400000000000000034430000B443000034C3FC
:104F500010B500B102B910BD017092ED001A80EDDC
:104F6000011A92ED011A80ED021A92ED021A80EDFB
:104F7000031A80ED040AC0ED050A80F860309FED49
:104F80000D1A80ED0E1A80ED0D1A80ED0C1A9FEDB2
:104F9000091A80ED081A80ED0B1A80ED0A1A80EDCF
:104FA000091A80ED111A80ED101A80ED0F1A00BF5A
:104FB000D1E700000000000010B5234B1B685B69BF
:104FC00043F04003204C246863611F4B1B68DB687F
:104FD00043F010031C4C2468E3601C4B1B681B68E7
:104FE00023F00103194C2468236007E0174B1B686A
:104FF0001B6823F00103154C24682360134B1B68C6
:105000001B6803F00103002BF0D1114B0F4C2468F7
:10501000A3600E4B1B68D8600C4B1B6819610B4BCF
:105020001B685A60094B1B681B6843F48023074CBC
:1050300024682360054B1B681B6843F00103034C85
:105040002468236010BD0000FC0A0020840B0020AF
:10505000044800400149C1F8860470472C510020E3
:10506000264A1268126822F00102244B1B681A605B
:1050700007E0224A1268126822F001021F4B1B68E7
:105080001A601E4A1268126802F00102002AF0D16A
:105090001A4A12681A4B9A4205D94FF40012184B5B
:1050A0004C3B1A601BE0154A1268164B9A4205D910
:1050B0004FF40012124B503B1A6010E00F4A126876
:1050C000104B603B9A4205D94FF400120D4BB83B90
:1050D000DA6004E04FF400120A4BB83B9A60074ACA
:1050E0001268D060054A12685160044A126812685A
:1050F00042F00102014B1B681A607047440C00200B
:1051000058640240B860024010B504461C48C0F81C
:1051100082442EE01A48D0F882040078A52827D1CE
:105120001749D1F88204052100F0A2FF01281ED101
:105130001349D1F88214C81D00F024F81048B0F8C3
:105140008014D0F88204B0F801000930081A0C4924
:10515000A1F880040846D0F88214D0F88204B0F890
:105160000100093008440649C1F8820401E005E065
:1051700004E00348B0F880040028CBDC00BF10BD79
:105180002C51002010B504462E48D0F88204B0F807
:10519000050040F20222811A904230D00BDC012837
:1051A00012D0032816D0B0F5817F1AD0A0F20120CA
:1051B000002844D11CE0042928D005292DD0072936
:1051C00032D0FF293BD136E00B2221461E48FBF7A7
:1051D00087F935E0202221461B481B30FBF780F978
:1051E0002EE00422214618484D30FBF779F927E0DC
:1051F0000D22214614483B30FBF772F920E01022C3
:10520000214611480B30FBF76BF919E001222146CA
:105210000D484C30FBF764F912E0072221460A489A
:105220005130FBF75DF90BE0042221460648483077
:10523000FBF756F904E02046FFF70CFF00E000BF43
:1052400000BF10BD2C510020B655002008B58020AD
:10525000044B8200A3F500710090A1F5007005F0E9
:10526000D9FA08BD2C5500207CB504460D461646DB
:10527000164800681821B0FBF1F01549B0FBF1F0B9
:105280004FF47A71484301906068B0F5827F0DD188
:105290002B46002280212046009600F01BF898B192
:1052A000606D40F02000606503207CBD00BF019868
:1052B00000B908E00198401E019020688068C0F3A2
:1052C000C0100028F3D100BF0020EEE7400000200E
:1052D00040420F002DE9F84F04460D4690461E4609
:1052E000DDF82890FDF7F8F8A0EB0900371AFDF774
:1052F000F3F882462C480068C0F3CB307843009026
:1053000045E0701C002842D0FDF7E6F8A0EB0A004B
:10531000B84200D2A7BB2068406820F0E0002168B6
:1053200048606068B0F5827F0DD1A068B0F5004F8D
:1053300003D0A068B0F5806F05D12068006820F028
:10534000400021680860A06AB0F5005F0DD100BF81
:105350002068006820F40050216808602068006818
:1053600040F400502168086000BF012084F851001B
:1053700000BF002084F8500000BF0320BDE8F88F74
:10538000FFE7009800B900270098401E00902068B1
:1053900080682840A84201D1012000E0002040455B
:1053A000AFD10020EAE700004000002038B5022419
:1053B0000748B0F89704064A0090B2F89534B2F85E
:1053C0009D1492F8CF042246FBF73AFC38BD00004A
:1053D0002C510020144890F8F80206280FD11348E9
:1053E000B0F89D04052805DB0020114908704FF432
:1053F0007A70704701200E4908700020F9E70B48C9
:10540000B0F89D0419280ADB0020094908700748F4
:1054100090F8C604801CC0EB00104000E9E70120B2
:10542000034908700020E4E7204B00202C510020A5
:10543000C200002010B500BF502080F31188BFF3D8
:105440004F8FBFF36F8F00BF06F0E8FD18B14FF02C
:1054500080500449086000BF002080F3118800BF1D
:1054600010BD000004ED00E000B593B0302107A8A6
:10547000FBF7AAF8142102A8FBF7A6F800BF00204A
:1054800001902448006840F0805022490860084696
:10549000006800F08050019000BF00BF00BF0020F6
:1054A00001901D48006840F480401B490860084690
:1054B000006800F48040019000BF00BF0120079009
:1054C0000004089002200D9041050E9106210F91D5
:1054D000A8211091022111910421129107A8FDF732
:1054E00073FA08B1FBF71CFE0F2002900220039014
:1054F000002004904FF4A05005904FF48050069087
:10550000052102A8FDF7FEF808B1FBF709FE13B06C
:1055100000BD0000403802400070004014480068A0
:1055200040F47000124908601248006840F0010021
:105530001049086000200F49083108600D480068D4
:105540000D4908400B4908600C48091D0860081FF8
:10555000006820F48020091F0860002005490C31F4
:1055600008604FF000600249803908607047000011
:1055700088ED00E000380240FFFFF6FE1030002406
:1055800010B50248FEF781F810BD0000700A002037
:1055900010B50248FEF779F810BD0000A40C0020F9
:1055A00010B50268294B98420ED0B0F1804F0BD055
:1055B000274B984208D0274B984205D0264B98425B
:1055C00002D0264B984203D122F070024B681A4356
:1055D0001E4B984220D0B0F1804F1DD01C4B9842FA
:1055E0001AD01C4B984217D01B4B984214D01B4B1F
:1055F000984211D01A4B98420ED01A4B98420BD0B9
:10560000194B984208D0194B984205D0184B984234
:1056100002D0184B984203D122F44072CB681A434F
:1056200022F080034C6943EA040202608B68C36283
:105630000B688362054B984202D0084B984201D117
:105640000B6903630123436110BD000000000140AA
:105650000004004000080040000C0040000401402D
:105660000040014000440140004801400018004053
:10567000001C00400020004030B501F01F0501244F
:1056800004FA05F3046A9C430462046A01F01F05EE
:1056900002FA05F52C43046230BD30B50C46816832
:1056A00021F47F4142EA032525432943816030BD2F
:1056B0000A46816821F0700142F0070319438160B6
:1056C0007047000030B5056A25F001050562026AE1
:1056D0004368846924F0700424F003040D682C43AB
:1056E00022F002028D682A43104DA84200D103E047
:1056F0000F4DA84206D100BF22F00802CD682A4310
:1057000022F00402094DA84202D0094DA84207D157
:1057100023F4807323F400734D692B438D692B436D
:10572000436084614D684563026230BD0000014002
:105730000004014030B5056A25F010050562026AD3
:105740004368846924F4E04424F440740D6844EA16
:10575000052422F020028D6842EA0512124DA8426B
:1057600000D103E0114DA84207D100BF22F0800212
:10577000CD6842EA051222F040020B4DA84202D049
:105780000A4DA84209D123F4806323F400634D69D4
:1057900043EA85038D6943EA8503436084614D686C
:1057A0008563026230BD000000000140000401403A
:1057B00030B5056A25F480750562026A4368C469DC
:1057C00024F0700424F003040D682C4322F40072CA
:1057D0008D6842EA0522124DA84200D103E0114D26
:1057E000A84207D100BF22F40062CD6842EA052238
:1057F00022F480620A4DA84202D00A4DA84209D183
:1058000023F4805323F400534D6943EA05138D6953
:1058100043EA05134360C4614D68C563026230BD4D
:10582000000001400004014030B5056A25F48055B0
:105830000562036A4468C26922F4E04222F44072BD
:105840000D6842EA052223F400538D6843EA0533CC
:10585000084DA84202D0084DA84204D124F4804447
:105860004D6944EA85144460C2614D680564036271
:1058700030BD0000000001400004014030B50B467F
:105880001446026A056A25F001050562816921F066
:10589000F00141EA041122F00A021A438161026216
:1058A00030BD30B50B461446056A25F0100505627B
:1058B0008169026A21F4704141EA043122F0A002B8
:1058C00042EA03128161026230BD000010B51E4839
:1058D00000781E4908701E4890F88801A8B91D4834
:1058E0000068007920F03C0008301A490968087106
:1058F00019480068007920F03C0008301649096812
:10590000087100201049087014E0124800680079FE
:1059100020F03C001C300F49096808710E480068EF
:10592000007920F03C001C300B4909680871012007
:10593000054908700448007804490978884201D074
:1059400002F0DEF910BD00007C0100207D01002086
:1059500028560020080200200C02002070B50546E1
:10596000AC6B0020E085E0842046FEF741F970BD75
:1059700000BF00BF02680C3252E8002F22F4907181
:1059800002680C3242E80013002BF3D100BF00BFC5
:1059900000BF0268143252E8002F22F001010268B1
:1059A000143242E80013002BF3D100BF016B012930
:1059B0000ED100BF00BF02680C3252E8002F22F067
:1059C000100102680C3242E80013002BF3D100BF33
:1059D000202180F83E1000210163704710B5044675
:1059E0002068C06820F040002168C860202084F84A
:1059F0003D002046FEF766FC002010BDF8B50446C9
:105A000094F83E00222873D1A068B0F5805F0CD1D5
:105A1000206950B90025A66A20684068C0F30800D4
:105A20003080A06A801CA06215E0A56A0026A068EC
:105A3000B0F5805F03D0A06828B9206918B9206844
:105A40004068287004E02068406800F07F002870FB
:105A5000A06A401CA062E08D401E80B2E085002854
:105A600044D12068C06820F020002168C860206808
:105A7000C06820F480702168C8602068406920F008
:105A8000010021684861202084F83E00206B012835
:105A900026D10020206300BF00BF21680C3151E8EF
:105AA000001F21F0100021680C3141E80002002A9B
:105AB000F3D100BF2068006800F0100010280AD160
:105AC00000BF0020009020680068009020684068B7
:105AD000009000BF00BFA18D2046FEF788F802E0CD
:105AE0002046FEF785FB0020F8BD01E00020FBE723
:105AF0000220F9E72DE9F84F04462068006920F4F8
:105B00004050E1680843216808612169A0680843A2
:105B100061690843E169084300902068C06849F260
:105B20000C618843009908432168C8602068406977
:105B300020F44070A16908432168486176492068D3
:105B4000884203D075492068884203D1FCF7D4FE0F
:105B5000814602E0FCF7C0FE8146E069B0F5004FE7
:105B60006CD102206168A0FB015003461920A9FBFB
:105B7000007001462A463846FAF7F6FB6421B0FB6E
:105B8000F1F04FEA001A02206168A0FB01510B46B8
:105B90001920A9FB00712A463846FAF7E5FB83462F
:105BA00002206168A0FB015003461920A9FB007187
:105BB0002A463846FAF7D8FB6421B0FBF1F000EB37
:105BC000C00101EB0010ABEB8000322101EBC00003
:105BD0006421B0FBF1F000F0F8000AEB400A02206B
:105BE0006168A0FB015003461920A9FB0070014623
:105BF0002A463846FAF7B8FB834602206168A0FBC4
:105C0000015003461920A9FB00712A463846FAF7CD
:105C1000ABFB6421B0FBF1F000EBC00101EB001025
:105C2000ABEB8000322101EBC0006421B0FBF1F04E
:105C300000F007005044216888606AE00420616831
:105C4000A0FB015003461920A9FB007001462A461B
:105C50003846FAF789FB824604206168A0FB0150B0
:105C600003461920A9FB007001462A463846FAF778
:105C70007BFB6421B0FBF1F000EBC00101EB0010F5
:105C8000AAEB8000322101EB00106421B0FBF1F09F
:105C900000F0F00A04206168A0FB0170034619209F
:105CA000A9FB00513A462846FAF75EFB6421B0FB97
:105CB000F1F00AEB001A04206168A0FB01510B46C9
:105CC0001920A9FB00712A463846FAF74DFB834696
:105CD00004206168A0FB015003461920A9FB007055
:105CE00001462A463846FAF73FFB6421B0FBF1F043
:105CF00000EBC00101EB0010ABEB8000322101EBA7
:105D000000106421B0FBF1F000F00F005044216856
:105D10008860BDE8F88F00000010014000140140C9
:105D2000014691F83D00212828D18868B0F5805FB0
:105D30000BD1086948B90A6A1088C0F308000B68DB
:105D40005860086A801C086205E00B6A581C0862EB
:105D500018780B685860C88C401E80B2C88458B947
:105D60000868C06820F080000B68D8600868C068C8
:105D700040F040000B68D860002070470220FCE72C
:105D80002DE9F04104460D4617469846069E34E03C
:105D9000701C88B32EB1FCF79FFBA0EB0800B0424B
:105DA0002BD900BF00BF21680C3151E8001F21F43E
:105DB000D07021680C3141E80002002AF3D100BF05
:105DC00000BF00BF2168143151E8001F21F001001D
:105DD0002168143141E80002002AF3D100BF2020DD
:105DE00084F83D0084F83E0000BF002084F83C00A9
:105DF00000BF0320BDE8F081FFE72068006828406D
:105E0000A84201D1012000E00020B842C0D000200B
:105E1000F0E7000010B50248FDF7ECFE10BD0000F1
:105E2000B80A002008B544480068006800F0200067
:105E300060B100BF002000903F48006800680090FB
:105E40003D4800684068009000BF74E03B4800682F
:105E500000F0100000286ED000BF002000903648EF
:105E6000006800680090344800684068009000BFF7
:105E700000BF33480068006800F4002070BB304861
:105E80000068006820F001002D49096808602C486E
:105E900000684068C0F124002A490880242028496D
:105EA0000968486026480068006840F400202449DA
:105EB0000968086022480068006840F00100204935
:105EC000096808601F480088122834D11E491F48FD
:105ED00004F054FD002003F0A7F92CE018480068F6
:105EE000006820F00100164909680860144800683D
:105EF0004068C0F124001349088024201049096833
:105F000048601348806A20F40020114988620C48D8
:105F10000068006840F00100094909680860094804
:105F20000088122807D108490848243004F026FDCB
:105F3000002003F079F908BDFC0A00200048004069
:105F4000840B002060010020C0570020D65700209D
:105F50000060024008B54148006800F010000028C9
:105F60007BD000BF002000903D4800680068009092
:105F70003B4800684068009000BF00BF3848806B15
:105F80000068006800F4002098BB3548806B00680A
:105F9000006820F001003249896B096808603048C8
:105FA000806B00684068C0F500702E49A1F880043D
:105FB0004FF400702A49896B096848602848806B53
:105FC0000068006840F400202549896B0968086072
:105FD0002348806B0068006840F001002049896B0D
:105FE000096808601F48FFF78FF80A2003F01CF9C2
:105FF00033E0FFE71A48806B0068006820F001007A
:106000001749896B096808601548806B006840680B
:10601000C0F500701349A1F880044FF400701049D6
:10602000896B096848600E48806B0068006820F43E
:1060300000200B49896B096808600948806B00687B
:10604000006840F001000649896B0968086006484D
:10605000FFF75AF80A2003F0E7F808BD00140140E2
:10606000400B00202C5100202C53002000BFFEE7E5
:1060700070B505460C4600260DB1022C01D8002053
:1060800070BD611EFF222846FBF7D6F80646601E4B
:10609000285CB04201D10120F2E70020F0E70000C7
:1060A00010B503F04FFC0349086003F05BFC0249A4
:1060B000086010BD680100206C01002010B52DEDB6
:1060C000068BF0EE40AAB0EE608AF0EE418AB0EEA8
:1060D000619AF0EE429AB0EE62AA0A48C0ED00AAB8
:1060E00080ED018AC0ED028A80ED039AC0ED049A2A
:1060F00080ED05AA06220146034805F0E7FABDEC4B
:10610000068B10BD20580020B80A002003B4019867
:106110004100009850EAC12018BF04204A0D18BF62
:1061200040F0010040F2FF72B2EB515F08BF40F057
:106130000200012808BF052002B070474100080294
:1061400018BF04200A0E18BF40F001004FF07F4234
:1061500032EA010108BF40F00200012808BF052013
:106160007047000002480068C0F30220704700003A
:106170000CED00E010B5002804DB0A07130E054AF9
:10618000135406E00A07140E034A00F00F031B1F06
:10619000D45410BD00E400E018ED00E010B54FF05D
:1061A0000E402DED028BB0EE408A18EE104A00EB47
:1061B0004400B0F1506F4AD84FF0FC40B0EB440FB0
:1061C00022D2B0EEC80AF7EE000A30EEC00AF6EEB0
:1061D000000A60EE208A18EE900A04F03CFC01EE02
:1061E000100A14F0004F1DBFDFED2D0A9FED2D0AA0
:1061F000B1EE411ADFED2C0A08BF9FED2C0AF8EE34
:10620000001A21EE218A05E0DFED290A68EE088AEE
:10621000B0EE600A9FED271ADFED271A30EE080A6C
:1062200048EE811A9FED251A08EEA11ADFED241A17
:1062300048EE811A9FED231A08EEA11A68EE281A7B
:10624000BDEC028B01EE810A30EE200A10BD4FF04A
:10625000E440B0EB440F0CD918EE100AFFF76EFFC4
:10626000042808BF00F082FEB0EE480ABDEC028BA5
:1062700010BD4FF07F40B0EB440F07D2B0EE480A9C
:10628000BDEC028BBDE8104000F062BE0120FAF7C1
:10629000CAF9BDEC028BBDE8104000F05FBE000003
:1062A0000000C9BF22AAFDB90000C93F22AAFD39DA
:1062B0000000000024FE1C3DC78AD83C1E67383D04
:1062C0001B93993DAFAA2A3E10EE100A10B510EEAE
:1062D000901A4FF0684202EB40032DED028BB3F1B0
:1062E000654F3CBF02EB4102B2F1654F7CD200BF6B
:1062F000C0F3C753C1F3C7529A1A1B2A09DD10F025
:10630000004F14BF9FED6E0A9FED6E0ABDEC028B2D
:1063100010BD12F11A0F1BDA11F0004F09D010F066
:10632000004F0CBF9FED680A9FED680ABDEC028B21
:1063300010BD80EE208A18EE100AFFF7FFFE042839
:1063400008BF00F013FEB0EE480ABDEC028B10BD92
:106350004200B2EB410F37D910F0004F19BFDFED0B
:106360005C1A9FED5C1ADFED5C1A9FED5C1AB0EED3
:10637000602A0A46F1EE400A80F00041B0EE420A7F
:1063800010460A1A5200B2F1807F34D2484010F011
:10639000004FDFED532A9FED533A1DBFBEEE002A9A
:1063A00071EEE21A31EE431AB6EE002A04BF71EE26
:1063B000A21A31EE031AF0EE402A42EE602A40EEB5
:1063C000020A82EEA02A18E011F0004F04BF9FEDF0
:1063D000461AF0EE411AD4D010F0004F1CBFDFED8A
:1063E000431A9FED431A00E026E004BFDFED411A97
:1063F0009FED411AC5E780EE202A22EE020ADFED6A
:106400003F0ADFED3F2ABDEC028B40EE202ADFED94
:106410003D0A40EE220ADFED3C2A40EE202ADFED65
:106420003B0A40EE220A22EE000A00EE201A31EE6C
:10643000020A30EE210A10BD4FF07F42B2EB400F4E
:1064400028BFB2EB410F05D2BDEC028BBDE8104076
:1064500000F081BD40EA01035B0008BF41F0FF414D
:106460000BD0B2EB400F08BFB2EB410F08D120F0C8
:10647000804000EE100A21F0804100EE901A37E7CC
:10648000B2EB400F12BF5FEA410240F0FF4001F063
:1064900000413FF42DAF4A0092EA40033FF528AF98
:1064A000002AACBF9FED1A1A9FED1A1A20EE010ABE
:1064B00060EE810A10EE100A10EE901A18E7000044
:1064C000DB0FC9BFDB0FC93FDB0F4940DB0F49C002
:1064D0000000C9BF22AAFDB90000C93F22AAFD39A8
:1064E0000060ED3EC30ACE3700000000000049C046
:1064F00022AA7DBA0000494022AA7D3A2DAD65BD91
:106500008FB8D53D0FB511BE61C84C3EA8AAAABE32
:106510000000804F0000802F10B52F499FED2C1BED
:106520002DED020B84B0059820F000408842D8BFC2
:106530009DED040B2DDD2949884209D1049840B90D
:106540004FF00100FAF76FF800F0E2FC06B010BD62
:1065500005DB9DED040B00F0CFFC06B010BD6846D6
:106560009DED040B00F0E0F810F0030004BF9DED7A
:10657000021B9DED000B0CD001280ED09DED021BDF
:106580009DED000B022817D0012000F01DFC06B085
:1065900010BD00F0E5FA06B010BD9DED021B9DEDAB
:1065A000000B012000F010FC51EC100B05F0A6FFD1
:1065B00006B041EC100B10BD00F0D2FA51EC100BFC
:1065C00005F09CFF06B041EC100B10BD0000000070
:1065D0000000000000000000FB21E93F0000F07F08
:1065E00010B52F499FED2C1B2DED020B84B00598A3
:1065F00020F000408842DCBF00209DED040B32DD1E
:106600002849884209D1049840B94FF00100FAF7AF
:106610000AF800F07DFC06B010BD05DB9DED040B13
:1066200000F06AFC06B010BD68469DED040B00F05A
:106630007BF810F0030011D0012818D09DED021B4B
:106640009DED000B02281AD000F08AFA51EC100BD5
:1066500005F054FF06B041EC100B10BD9DED021B80
:106660009DED000B012000F0AFFB06B010BD9DEDCD
:10667000021B9DED000B00F073FA06B010BD012067
:1066800000F0A2FB51EC100B05F038FF06B041EC16
:10669000100B10BD00000000000000000000000012
:1066A000FB21E93F0000F07F00B52DED048BB0EE3B
:1066B000409AF0EE609A83B051EC190B06F0D4FDCD
:1066C00041EC180B18EE100A18EE901A8DED008BA5
:1066D000002818BF0120084320F00040C0F17F606F
:1066E00000F1E040C00F14D019EE101A19EE900A14
:1066F0008DED009B002918BF0121084320F00040C8
:10670000C0F17F6000F1E040C00F04BF0120F9F745
:106710008AFFB0EE480A03B0F0EE680ABDEC048BC5
:1067200000BD0000000000002DE9F14F04462DEDF2
:10673000020B2DED088B8AB09FEDE70B80ED020B6D
:10674000139EE74826F0004585420ADC9DED120BBA
:10675000002084ED000B0AB0BDEC088B03B0BDE84F
:10676000F08FE0489FEDE0AB9FEDE1BBA84247DD35
:10677000E14F9FEDE39B9FEDE48B9DED120B53ECFE
:106780001A2B51EC100B002E1CDD06F071FE41ECB3
:10679000100BBD4208D053EC1B2B51EC100B06F034
:1067A00067FEC4E900010BE053EC192B51EC100B10
:1067B00006F05EFE53EC182B06F05AFEC4E9000109
:1067C0000120C8E706F008F841EC100BBD4208D0E4
:1067D00053EC1B2B51EC100B05F0FEFFC4E900013C
:1067E0000BE053EC192B51EC100B05F0F5FF53ECBB
:1067F000182B05F0F1FFC4E900014FF0FF30AAE7C4
:10680000C348A84279DB9DED120B51EC100B02F04E
:10681000C8FF41EC180B9FEDC00B53EC102B06F09A
:106820005BFB9FEDBF1B53EC112B05F0D5FF06F072
:10683000B7FA074606F018FB41EC190B53EC1A2B7C
:1068400006F04AFB53EC182B06F0E6FC41EC180B63
:1068500053EC1B2B51EC190B06F03EFBDFF8C8A2E2
:1068600041EC100B4FEA15580125FA4453EC102B5C
:1068700051EC180B06F0FCFD032DC4E900013DD0DE
:10688000C1F30A5005EB4511A8EB00001139814214
:1068900034DA0AEB051BB0EE48AA9BED000BF0EED4
:1068A00068AA53EC102B51EC190B06F015FB41ECC8
:1068B0001B0B51EC1A0B53EC1B2B06F0D9FD41ECD2
:1068C000180B51EC1A0B53EC182B06F0D1FD53ECBE
:1068D0001B2B06F0CDFD9BED020B41EC1A0B53EC8C
:1068E000102B51EC190B06F0F7FA53EC1A2B06F0AB
:1068F000BFFD41EC100B6D1CB8E70EE0002EA8BFE9
:106900003846BFF628AF94ED000B51EC100B05F0A4
:10691000F5FDC4E9000178421DE7C6F3130040F419
:10692000801EC6F30A50A0F2F530471100F01F0593
:10693000C5F12000DDF848B00890002006900790CF
:106940000520EC467949002D07EB0002794408BF89
:1069500051F8221009D051F8223001EB8201AB40EE
:106960004A68089922FA01F11943A1FB0E26A1FBFE
:106970000B131A449A4234BF0123002303EB060889
:106980000CEB8003D3E901A60E448E4234BF0121F3
:10699000002192448A4411B1924502D903E0924504
:1069A00001D2012100E00021C3E901A641444CF8D5
:1069B0002010011EA0F10100C4DC029800F100507B
:1069C000850F0298DDE903678000DDF8148006F08A
:1069D0004BFA41EC1A0B304606F06AFA9FED541B55
:1069E00053EC112B06F078FA41EC1B0B384606F0FD
:1069F0005FFA9FED511B53EC112B06F06DFA41EC41
:106A0000180B404606F054FA9FED4D1B53EC112B2A
:106A100006F062FA41EC190B51EC180B53EC192BF0
:106A200005F0DAFE53EC1B2B05F0D6FE53EC1A2BC7
:106A300005F0D2FECDE90801002008909DED080B7D
:106A400053EC1A2B51EC100B06F012FD53EC1B2BE0
:106A500006F00EFD53EC182B06F00AFD53EC192B33
:106A600006F0DAFB9FED381B53EC112B06F034FADD
:106A70009FED370B41EC180B53EC102B9DED080BE1
:106A800051EC100B06F028FA53EC182B05F0A4FE7D
:106A90009FED310B41EC180B53EC102B9DED080BC7
:106AA00051EC100B06F018FA53EC182B05F094FE7D
:106AB00041EC100B139810F0004F06D06D4251ECD2
:106AC000100B05F01BFD41EC100B284684ED000B6C
:106AD00041E600000000000000000000000000008F
:106AE000FB21E93F7CD9024000004054FB21F93FE3
:106AF0003163621A61B4D03DFB21F93F0000000010
:106B00000000601A61B4D03D7370032E8A19A33B54
:106B1000FB2139410000000083C8C96D305FE43FAC
:106B2000000000000000E03F6A7E0000B87D000029
:106B3000000000000000103E000000000000103CBB
:106B4000000000000000103A182D4454FB21F93DCC
:106B50003326A611460B113C00000054FB21F93DE1
:106B600010B52DED040B2DED088B82B0B0EE419ADF
:106B7000F0EE619A0B9820F000449FED4BABB4F11E
:106B8000795F11DA9DED0A0B51EC100B06F008F954
:106B9000002801BFB0EE4A0AF0EE6A0A02B0BDEC6E
:106BA000088B04BF04B010BD9DED0A0B53EC102BF5
:106BB00051EC100B06F090F941EC180B3C48062103
:106BC000B0EE480AF0EE680A784400F081F853EC21
:106BD000182B51EC100B06F07FF99DED0A0B41ECE0
:106BE0001B0B53EC192B51EC100B06F075F941EC13
:106BF000190B53EC1B2B51EC180B06F06DF953ECF1
:106C0000192B06F035FC9FED2C0B41EC190B53ECC6
:106C1000102B51EC180B06F05FF941EC100B2848D3
:106C2000844210DA53EC192B51EC100B06F020FCC7
:106C300053EC1A2B06F0F0FA41EC100B02B0BDEC4D
:106C4000088B04B010BD1F48A042BCBF9FED1E1BA7
:106C50008DED001B06DBA4F50010019000200090D4
:106C60009DED001B51EC100B53EC112B06F000FCBA
:106C70009DED000B41EC180B53EC102B51EC1A0B53
:106C800006F0F6FB41EC1A0B53EC192B51EC180BE8
:106C900006F0EEFB53EC1A2B06F0BEFA41EC100B9B
:106CA000CCE7000000000000000000000000F03F02
:106CB000DC7A000000000000000000000000E03F5F
:106CC0003333D33F0000E93F000000000000D23F13
:106CD00070B504462DED028B4D1E00EBC500B0EEE5
:106CE000408AF0EE608A90ED000B35F0060017D078
:106CF00053EC182B51EC100B06F0EEF841EC100B96
:106D00006D1E04EBC50090ED001B51EC100B53EC15
:106D1000112B05F061FD41EC100B35F00600E7D1B9
:106D2000022D36D0042D1CD0062D1CBFBDEC028BCD
:106D300070BD53EC182B51EC100B06F0CDF894ED10
:106D40000A1B53EC112B05F047FD53EC182B06F0F2
:106D5000C3F894ED081B53EC112B05F03DFD41ECFD
:106D6000100B53EC182B51EC100B06F0B5F894ED0A
:106D7000061B53EC112B05F02FFD53EC182B06F0DE
:106D8000ABF894ED040B53EC102B05F025FD41EC12
:106D9000100B53EC182B51EC100B06F09DF894EDF2
:106DA000021B53EC112B05F017FD53EC182B06F0CA
:106DB00093F894ED001B53EC112B05F00DFDBDEC89
:106DC000028B41EC100B70BD31B504462DED040B68
:106DD0002DED0A8BB0EE41BAF0EE61BA0B989DED45
:106DE0000A0B20F00040B0F1795F0DDA51EC100B86
:106DF000FFF78CF9042808BF00F09AF89DED0A0B04
:106E0000BDEC0A8B05B030BD53EC102B51EC100BD0
:106E100006F062F841EC180B9DED0A0B53EC182BB1
:106E200051EC100B06F058F841EC190B2C48B0EE61
:106E3000480AF0EE680A05217844FFF749FF9FED04
:106E40002ACBB0EE40AAF0EE60AA9CB353EC1C2B08
:106E500051EC190B06F040F841EC1C0B53EC1A2BCB
:106E600051EC190B06F038F89FED210B41EC190B92
:106E700053EC102B51EC1B0B06F02EF853EC192B96
:106E800006F0F6FA53EC182B06F026F853EC1B2B01
:106E900006F0EEFA53EC1C2B06F0EAFA9DED0A1B05
:106EA00053EC112B06F0B8F9BDEC0A8B05B041ECA0
:106EB000100B30BDFFE753EC1A2B51EC180B06F00A
:106EC0000BF853EC1C2B05F087FC53EC192B06F048
:106ED00003F89DED0A1B53EC112B05F07DFCE3E755
:106EE0006479000000000000495555555555C5BF4F
:106EF000000000000000E03F10B553EC102B51ECF7
:106F0000100B05F069FC41EC100B10BD00000000F7
:106F10009FED050B10B553EC102B51EC100B05F049
:106F200081FD41EC100B10BD0000000000000000CE
:106F30009FED050B10B553EC102B51EC100B05F029
:106F4000CBFF41EC100B10BD000000000000001052
:106F500030EE000A704730EE200A7047DFED020A7B
:106F600080EEA00A70470000000000009FED020ABA
:106F700020EE000A704700000000001010B500204D
:106F80001CE00022C0EB00134449CA540222C0EBAB
:106F9000001319444A70C0EB00134049194488702B
:106FA000C0EB00123D491144C97821F00701491C8A
:106FB000C0EB0013394A1A44D170401C0128E0DBB1
:106FC00001200CE0C0EB001234491144C97821F0D3
:106FD0000702C0EB001331491944CA70401C012854
:106FE000F0DB2F480068C07820F038002C49096891
:106FF000C8702B480068B0F8030020F4707028496E
:107000000968A1F80300322125480068008961F36E
:107010008C002349096808814FF4317120480068C9
:10702000B0F8090061F34F101D490968A1F8090083
:107030006E211B480068808961F38C00184909683B
:1070400088814FF4317116480068B0F80D0061F383
:107050004F1013490968A1F80D0011480068007924
:1070600020F03C0018300E49096808710C4800688F
:10707000B0F807006FF30900963009490968A1F8D4
:10708000070006480D3803F079FF1E2103480D382C
:10709000FDF7E6FF642002F0BFFD10BDA9580020F7
:1070A000E001002010B500201BE00022C0EB00131F
:1070B0006C49CA54C0EB001319444A70C0EB00136A
:1070C000684919448870C0EB001266491144C978B8
:1070D00021F00701491CC0EB0013624A1A44D17029
:1070E000401C0228E1DB02200CE0C0EB00125D49ED
:1070F0001144C97821F00702C0EB00135949194423
:10710000CA70401C0228F0DB57480068C07820F0A5
:10711000380055490968C87053480068B0F8030042
:1071200020F4707050490968A1F803004FF41D71F4
:107130004D480068008961F38C004B49096808815B
:10714000912149480068B0F8090061F34F104649A1
:107150000968A1F809004FF49661434800688089E6
:1071600061F38C0040490968888191213E4800689C
:10717000B0F80D0061F34F103B490968A1F80D000C
:1071800039480068007920F03C0020303649096811
:10719000087135480068B0F807006FF30900323015
:1071A00031490968A1F8070030480068C07820F02C
:1071B000380008302D490968C8702C480068B0F8BC
:1071C000030020F4707029490968A1F803004FF406
:1071D0001D7126480068008961F38C002349096805
:1071E0000881752121480068B0F8090061F34F104B
:1071F0001E490968A1F809001C480068007920F0C0
:107200003C001C3019490968087118480068B0F83A
:1072100007006FF30900401D14490968A1F8070031
:1072200040F23C5111480068808961F38C000F499D
:1072300009688881AC210D480068B0F80D0061F341
:107240004F100A490968A1F80D0006480D3803F0EF
:10725000C5FE2D2103480D38FDF702FF642002F022
:10726000DBFC10BDC7580020E4010020E80100202D
:1072700010B500201CE00022C0EB00137549CA5471
:107280000122C0EB001319444A70C0EB001371498E
:1072900019448870C0EB00126E491144C97821F07E
:1072A0000701491CC0EB00136A4A1A44D170401C04
:1072B0000228E0DB02200CE0C0EB0012654911441B
:1072C000C97821F00702C0EB001362491944CA7063
:1072D000401C0228F0DB60480068C07820F03800CD
:1072E00010305D490968C8705B480068B0F8030059
:1072F00020F4707058490968A1F8030056480068E6
:10730000B0F80B006FF3090000F596705249096858
:10731000A1F80B0040F2C1314F480068008961F3C9
:107320008C004D490968088140F21D214A480068D7
:10733000B0F8090061F34F1047490968A1F8090046
:1073400045480068007920F03C001C30424909683B
:10735000087141480068B0F807006FF30900C01CCD
:107360003D490968A1F807003C480068C07820F052
:107370003800203039490968C87038480068B0F8CA
:10738000030020F4707035490968A1F803004FF438
:10739000967132480068808961F38C002F49096832
:1073A00088814FF496712D480068B0F80D0061F3A4
:1073B0004F102A490968A1F80D0040F2C33127484F
:1073C0000068008961F38C0024490968088140F253
:1073D0001B2122480068B0F8090061F34F101F49D3
:1073E0000968A1F809001D480068007920F03C00F8
:1073F00020301A490968087118480068B0F8070079
:107400006FF30900143015490968A1F807004FF41B
:10741000AF7112480068808861F38E100F490968C7
:1074200088800A210D480068B0F8050061F3CF108C
:107430000A490968A1F8050006480D3803F0CEFD99
:107440002D2104480D38FDF70BFE642002F0E4FB0B
:1074500010BD0000F4580020EC010020F0010020D5
:1074600010B500201CE00022C0EB00134449CA54B0
:107470000622C0EB001319444A70C0EB00134049C8
:1074800019448870C0EB00123D491144C97821F0BD
:107490000701491CC0EB0013394A1A44D170401C43
:1074A0000128E0DB01200CE0C0EB0012344911445C
:1074B000C97821F00702C0EB001331491944CA70A2
:1074C000401C0128F0DB2F480068C07820F038000D
:1074D0002C490968C8702B480068B0F8030020F4F4
:1074E000707028490968A1F8030040F22B11254863
:1074F0000068008961F38C0022490968088140F224
:10750000AA2120480068B0F8090061F34F101D4916
:107510000968A1F80900F1211A480068808961F31F
:107520008C0018490968888140F2AA211548006832
:10753000B0F80D0061F34F1012490968A1F80D0071
:1075400010480068007920F03C001C300D490968A3
:1075500008710C480068B0F807006FF3090009498A
:107560000968A1F8070006480D3803F007FD1E2141
:1075700003480D38FDF774FD642002F04DFB10BD8B
:107580007B5900200402002010B500201CE00022DE
:10759000C0EB00138249CA540422C0EB0013194403
:1075A0004A70C0EB00137E4919448870C0EB00128A
:1075B0007B491144C97821F00701491CC0EB001335
:1075C000774A1A44D170401C0228E0DB02200CE00C
:1075D000C0EB001272491144C97821F00702C0EBD8
:1075E00000136F491944CA70401C0228F0DB6D4833
:1075F0000068C07820F0380020306A490968C870F7
:1076000068480068B0F8030020F4707065490968A4
:10761000A1F80300002163480068808961F38C00B1
:1076200060490968888100215E480068B0F80D0053
:1076300061F34F105B490968A1F80D004FF45971CF
:1076400058480068008961F38C0056490968088130
:107650004FF4067153480068B0F8090061F34F1009
:1076600050490968A1F809004E480068007920F0E7
:107670003C0020304B49096808714A480068B0F85E
:1076800007006FF309000A3046490968A1F80700AE
:10769000E12144480068808861F38E1041490968FF
:1076A000888040F23B113F480068B0F8050061F364
:1076B000CF103C490968A1F805003B480068C07834
:1076C00020F03800203038490968C8703648006812
:1076D000B0F8030020F4707033490968A1F8030082
:1076E000002131480068808961F38C002E490968C7
:1076F000888100212C480068B0F80D0061F34F101C
:1077000029490968A1F80D0040F21B41264800688C
:10771000008961F38C0024490968088140F21D2129
:1077200021480068B0F8090061F34F101E4909684C
:10773000A1F809001C480068007920F03C002030C6
:1077400019490968087118480068B0F807006FF314
:1077500009000A3014490968A1F807002D211248D0
:107760000068808861F38E100F490968888087213E
:107770000D480068B0F8050061F3CF100A490968A8
:10778000A1F8050006480D3803F028FC2D21044817
:107790000D38FDF765FC642002F03EFA10BD0000D4
:1077A00021590020F4010020F801002010B500202C
:1077B0001CE00022C0EB00136E49CA540322C0EB48
:1077C000001319444A70C0EB00136A4919448870C9
:1077D000C0EB001267491144C97821F00701491C28
:1077E000C0EB0013634A1A44D170401C0228E0DB4E
:1077F00002200CE0C0EB00125E491144C97821F070
:107800000702C0EB00135B491944CA70401C0228F0
:10781000F0DB59480068C07820F038005649096804
:10782000C87055480068B0F8030020F470705249E1
:107830000968A1F8030040F29D314F4800680089B3
:1078400061F38C004C490968088140F2E5114A480F
:107850000068B0F8090061F34F1047490968A1F8C2
:10786000090040F2C53144480068808961F38C000A
:1078700041490968888140F2E5113F480068B0F845
:107880000D0061F34F103C490968A1F80D003A481A
:107890000068007920F03C00203037490968087101
:1078A00035480068B0F807006FF30900C01C324982
:1078B0000968A1F8070031480068C07820F0380056
:1078C0002E490968C8702D480068B0F8030020F4FC
:1078D00070702A490968A1F8030040F2B1312748C5
:1078E0000068008961F38C002449096808814FF41D
:1078F000EB7122480068B0F8090061F34F101F498E
:107900000968A1F8090040F2B1311C48006880897B
:1079100061F38C001949096888814FF4FA7117489E
:107920000068B0F80D0061F34F1014490968A1F820
:107930000D0012480068007920F03C0020300F490B
:10794000096808710D480068B0F807006FF3090076
:10795000C01C0A490968A1F8070006480D3803F061
:107960003DFB2D2103480D38FDF77AFB642002F022
:1079700053F910BD4E590020FC01002000020020E8
:1079800010B500201CE00022C0EB00138449CA544B
:107990000522C0EB001319444A70C0EB0013804964
:1079A00019448870C0EB00127D491144C97821F058
:1079B0000701491CC0EB0013794A1A44D170401CDE
:1079C0000228E0DB02200CE0C0EB001274491144F5
:1079D000C97821F00702C0EB001371491944CA703D
:1079E000401C0228F0DB6F480068C07820F03800A7
:1079F00020306C490968C8706A480068B0F8030014
:107A000020F4707067490968A1F803004FF496717B
:107A100064480068808961F38C0062490968888144
:107A20004FF496715F480068B0F80D0061F34F1095
:107A30005C490968A1F80D0040F209415948006805
:107A4000008961F38C0057490968088140F20621DA
:107A500054480068B0F8090061F34F1051490968B3
:107A6000A1F809004F480068007920F03C001C3064
:107A70004C49096808714B480068B0F807006FF37B
:107A80000900143047490968A1F807005A21454800
:107A90000068808861F38E104249096888808721D8
:107AA00040480068B0F8050061F3CF103D4909680F
:107AB000A1F805003C480068C07820F0380020306C
:107AC00039490968C87038480068B0F8030020F4E4
:107AD000707035490968A1F803004FF49671324877
:107AE0000068808961F38C002F49096888814FF410
:107AF00096712D480068B0F80D0061F34F102A49C7
:107B00000968A1F80D0040F2763127480068008925
:107B100061F38C0024490968088140F2062122485B
:107B20000068B0F8090061F34F101F490968A1F817
:107B300009001D480068007920F03C001C301A49FB
:107B40000968087118480068B0F807006FF3090069
:107B5000143015490968A1F80700E12112480068AE
:107B6000808861F38E101049096888804FF487710E
:107B70000D480068B0F8050061F3CF100A490968A4
:107B8000A1F8050006480D3803F028FA2D21044815
:107B90000D38FDF765FA642002F03EF810BD0000D4
:107BA00099590020080200200C02002010B5002086
:107BB0000DE0C0EB00120D491144C97821F0070116
:107BC000891CC0EB0013094A1A44D170401C0128DB
:107BD000EFDB06480D3803F0D1F91E2103480D38BC
:107BE000FDF73EFA642002F017F810BDA9580020F6
:107BF00010B500200DE0C0EB00120D491144C9780A
:107C000021F00701891CC0EB0013094A1A44D17006
:107C1000401C0228EFDB06480D3803F0DFF92D2168
:107C200003480D38FDF71CFA642001F0F5FF10BD84
:107C3000C758002010B500200DE0C0EB00120D4920
:107C40001144C97821F00701891CC0EB0013094ACF
:107C50001A44D170401C0228EFDB06480D3803F0AF
:107C6000BDF92D2103480D38FDF7FAF9642001F024
:107C7000D3FF10BDF458002010B500200DE0C0EB7C
:107C800000120D491144C97821F00701891CC0EB8D
:107C90000013094A1A44D170401C0128EFDB064842
:107CA0000D3803F06BF91E2103480D38FDF7D8F9A4
:107CB000642001F0B1FF10BD7B59002010B50020F9
:107CC0000DE0C0EB00120D491144C97821F0070105
:107CD000891CC0EB0013094A1A44D170401C0228C9
:107CE000EFDB06480D3803F079F92D2103480D38F4
:107CF000FDF7B6F9642001F08FFF10BD2159002077
:107D000010B500200DE0C0EB00120D491144C978F8
:107D100021F00701891CC0EB0013094A1A44D170F5
:107D2000401C0228EFDB06480D3803F057F92D21DF
:107D300003480D38FDF794F9642001F06DFF10BD84
:107D40009959002070B500250024F8F7A7FD802080
:107D5000F8F7E4FE5520F8F7E1FE5520F8F7DEFECF
:107D60000546F8F791FD9620F8F7C6FDF8F796FD61
:107D70008020F8F7D3FE5520F8F7D0FE5520F8F70D
:107D8000CDFE0546F8F780FD9620F8F7B5FDF8F72B
:107D900085FDB6217E20F8F7D1FEF8F775FD50205D
:107DA000F8F79DFDF8F77AFD8020F8F7B7FE55202B
:107DB000F8F7B4FE5520F8F7B1FE0546F8F764FD74
:107DC0009620F8F799FDF8F769FD8020F8F7A6FEF0
:107DD0005520F8F7A3FE5520F8F7A0FE0546F8F762
:107DE00053FD9620F8F788FD1E2D01D0FF2070BDB1
:107DF000002434E0F8F752FD04EB44021A4B1A4415
:107E0000517804EB4402985CF8F798FEF8F73CFDD3
:107E10009620F8F771FDF8F741FD04EB4401124A92
:107E2000515C41F08000F8F779FE5520F8F776FEB6
:107E30005520F8F773FE0546F8F726FD9620F8F76B
:107E40005BFD04EB4400084908444078A84204D094
:107E500004EB440008448078C9E7601CC4B2062CD7
:107E6000C8DB0020C3E70000A801002038B50024CB
:107E700000200090F8F728FD69460020F8F741FE41
:107E8000F8F718FD9620F8F737FDF8F71DFD69465D
:107E90000020F8F736FEF8F70DFD9620F8F72CFDD8
:107EA000F8F712FDB6211420F8F748FEF8F702FDA6
:107EB0005020F8F714FDF8F707FD69460020F8F7A1
:107EC00020FEF8F7F7FC9620F8F716FDF8F7FCFC13
:107ED00069460020F8F715FEF8F7ECFC9620F8F755
:107EE0000BFD9DF800000F2801D0FF2038BD0024B5
:107EF0002FE0F8F7E9FC04EB4402184B1A445178E0
:107F000004EB4402985CF8F719FEF8F7D3FC9620CE
:107F1000F8F7F2FCF8F7D8FC04EB44010F4A505C88
:107F20006946F8F7EEFDF8F7C5FC9620F8F7E4FC93
:107F300004EB44000949084440789DF80010884249
:107F400005D004EB4400054908448078CEE7601C66
:107F5000C4B2062CCDDB0020C8E70000BA01002027
:107F6000002002490968C86370470000280A002001
:107F7000034A12689062024A1268D1637047000097
:107F8000280A002030B502460C464FF6FF710AB9A8
:107F9000084630BD09E012F8013B81EA0300C0B297
:107FA000054D35F8100080EA2121201EA4F10104BE
:107FB000F1D10846EDE70000A2E4000830B5024622
:107FC000FF2005E012F8014B84EA0003034CE05C5B
:107FD0000C1EA1F10101F5D130BD0000A2E30008A3
:107FE00000B58BB001200990002007900120089077
:107FF000002001900290039004900690059001A942
:108000000C48F9F7EBF90B48F9F72FFF0221094863
:10801000F9F724F90E200A90069001A90648F9F70D
:10802000DDF90548F9F721FF02210348F9F716F9B0
:108030000BB000BDC0080020E80800202DE9F04189
:1080400007460C4615461E4617B10CB105B10EB9D0
:10805000BDE8F0810D480078022803D00B48007875
:10806000052806D133462A462146384600F0E6F96F
:1080700009E006480078032805D133462A46214600
:10808000384600F0F5F900BFE2E70000C00000202C
:1080900000B9704790F8F81280F8F9125349497FF7
:1080A000C1B35249897FA9BB5149896D498A01F4FD
:1080B000007119B105214F4A117077E04E490978D6
:1080C000012903D103214B4A117005E04A4909787F
:1080D00011B90221474A11704849C979002965D070
:1080E0004649C97E002961D142490978022906D151
:1080F0000321404A117001213F4A117056E03D4969
:108100000978032952D102213A4A117000213A4AD2
:1081100011704BE0FFE73549497FB9BB816D097CA0
:10812000012934D13249896D498A01F4007119B1AC
:108130000521304A117039E02F490978012903D10E
:1081400003212C4A117005E02B49097811B902214D
:10815000284A11702949C97901B32849C97EE9B96A
:1081600024490978022906D10321224A11700121EC
:10817000214A11701AE01F490978032916D10221FA
:108180001C4A117000211C4A11700FE0FFE7816D3D
:10819000097C032903D10021164A117006E0816D84
:1081A000097C022902D10321124A11701149097870
:1081B00019B9032180F8F81216E00E49097803294D
:1081C00003D1012180F8F8120EE00A490978052947
:1081D00003D1062180F8F81206E006490978022941
:1081E00002D1002180F8F81200BF52E7684E00204B
:1081F000204B0020C0000020C10000203858002083
:1082000070B50446D4EDC11AB0EE611AD4EDC01AAF
:10821000F0EE610AD4EDBF1AB0EE610A04F53A70CF
:1082200000F0D8FF002519E004F53A7101EB850153
:1082300091ED001AF0EE410A05EB8502211D01EBDC
:10824000820191ED021AB0EE410AC5EB051204F16C
:10825000600101EBC200FCF797FD6D1C042DE3DB10
:1082600000F020F970BD000070B50446002500BF85
:1082700017E005EB8501201D50F82100B0F9020040
:1082800000EE100AB8EEC00ADFED120A20EE200A56
:1082900005EB8501201D00EB810080ED020A681CC2
:1082A000C5B2042DE5DB606D90ED050A84EDC20AD0
:1082B000606D90ED090A84EDC90A0749088841F20A
:1082C0000C7101F08FFC054880ED000A044800F0B5
:1082D000C9FA70BD18C5D33992580020C4000020D7
:1082E000044B002070B50446002501F079FB2060A6
:1082F00001F0B6FA606501F063FBA065384890EDC7
:10830000011AF0EE410A90ED001AB0EE410A002386
:10831000344A012104F51070FCF71AFE00BF2EE06C
:10832000284601F013FB05EB8502211D41F82200D0
:108330002D4901EB850191ED001AF0EE410A2B4920
:1083400001EB850191ED001AB0EE410A05EB450104
:10835000274B03EB8102C5EB051304F1600101EB30
:10836000C30000230121FCF7F3FD9FED220A04F571
:108370003A7000EB850080ED000A681CC5B2042D40
:10838000CEDB1D499FED1D0A04F52E7001F040FA69
:108390001B499FED1A0A04F5327001F039FA1949A8
:1083A0009FED160A04F5367001F032FA9FED160AB9
:1083B00084EDC30A9FED150A84EDC40A9FED120AED
:1083C00084EDC50A9FED110A84EDC60A9FED0E0AE1
:1083D00084EDC70A9FED0D0A84EDC80A70BD000048
:1083E000F8000020000100201C0100200C010020EA
:1083F000C8000020000000001CE000086F12833A53
:1084000020E0000824E0000833335340333353C0E6
:1084100010B5012002F054FB58B9022002F050FBC5
:1084200038B9032002F04CFB18B9042002F048FBD5
:1084300008B1012010BD0020FCE700002DE9F0414B
:1084400005460E4614461F4615B10EB104B10FB9CC
:10845000BDE8F0813B4622463146284600F012FA3C
:108460009FED020A84ED000A00BFF1E70000000062
:108470002DE9F04105460E4614461F4615B10EB1D2
:1084800004B10FB9BDE8F0813B462246314628468B
:1084900000F0F8F99FED020A84ED000A00BFF1E751
:1084A0000000000010B52DED108B88B09FEDE20AA2
:1084B000F0EE40AAE14890ED000AF1EE040AB4EEB5
:1084C000E00AF1EE10FA03DB0020DD49087002E05B
:1084D0000120DB490870DB48806D807C00F01000D3
:1084E00070B1D748007858B9FCF774FF00EE100A55
:1084F000B8EE400AD448D0ED000A30EE208A05E0FC
:108500000120CF490870D04890ED008A002075E026
:10851000C0EB0012CB49603101EBC20191ED080ABA
:10852000DFEDCA0A60EE200A00EB8002C549091D92
:1085300051F82210B1F9021000EE101AB8EEC00A7C
:1085400020EE800AC0EB0012BE49603101EBC2018F
:10855000D1ED080A9FEDBE1A60EE810AC0EB001251
:10856000B849603101EBC20191ED081A00EE810AB1
:1085700000EB8002B349091D51F82210B1F9021035
:1085800000EE901AF8EEE00A9FEDB21A20EE811A82
:1085900000EB8002AB49091D51F82210B1F902101D
:1085A00000EE901AF8EEE00A01EE200ADFEDAA0ACA
:1085B00030EE200A04A901EB800181ED000A04A934
:1085C00001EB800191ED000AB5EEC00AF1EE10FA60
:1085D00009DD04A901EB800191ED000A30EE2A0AC1
:1085E000F0EE40AA08E004A901EB800191ED000A39
:1085F00038EE400AB0EE408A411CC8B2042887DB3E
:10860000F4EEC8AAF1EE10FA02DD88EE2AEA01E0E3
:10861000B7EE00EA002408E1B7EE000AB4EE40EA43
:10862000F1EE10FA7DD0DFED8A8A04EB84018548F3
:10863000001D50F82100B0F9020000EE100AB8EE5B
:10864000C00ADFED820A20EE209AF1EE000A88EEE1
:10865000200A04EB84017B48001D50F82100B0F98A
:10866000020000EE900AF8EEE00A9FED7A1A20EE82
:10867000811A04EB84017348001D50F82100B0F901
:10868000020000EE900AF8EEE00A11EE200ADFED9B
:10869000720A30EE20AAC4EB04116A48603000EB85
:1086A000C10090ED080AB5EEC00AF1EE10FA60DDE7
:1086B000B0EE000A28EE800A10EE101A084605F007
:1086C000D9F941EC1B0B29EE090AF1EE000A68EE1C
:1086D000A00A00EECA0A10EE101A084605F0CAF900
:1086E00041EC1D0BB0EE4D0AF0EE6D0AFDF7DCFF1C
:1086F000B0EE40CAF0EE60CAB1EE490A10EE100AC0
:1087000005F0B8F953EC1C2BCDE900019DED000BF1
:1087100051EC100B04F060F853EC1B2BCDE9020177
:1087200000E080E09DED020B51EC100B04F07AF9B3
:1087300041EC1F0B03F0EEFE09EE900A9FED470A95
:10874000F4EEC09AF1EE10FA0ADD9FED440AC4EB94
:1087500004113C48603000EBC10080ED080A62E083
:10876000C4EB04113748603000EBC100C0ED089A3B
:1087700059E0B0EE000A28EE800A10EE101A084602
:1087800005F078F941EC1B0B29EE090AF1EE000A1D
:1087900068EEA00A00EECA0A10EE101A084605F0AC
:1087A00069F941EC1C0BB0EE4C0AF0EE6C0AFDF7D7
:1087B0007BFF8DED000BB1EE490A10EE100A05F0BB
:1087C00059F941EC1D0B9DED000B53EC102B04F0FF
:1087D0004FFE41EC1F0B53EC1B2B04F023F9CDE9AA
:1087E00002019DED020B51EC100B03F093FE09EE1C
:1087F000900A9FED1B0AF4EEC09AF1EE10FA0AD22D
:108800009FED170AC4EB04110E48603000EBC10065
:1088100080ED080A07E0C4EB04110A48603000EB61
:10882000C100C0ED089A601CC4B2042CFFF6F4AE7F
:1088300008B0BDEC108B10BD0000000080010020CE
:10884000C2000020204B0020044B00204F020636BF
:10885000E05D4B34C3031C348D97824000007A46A0
:1088600000007AC610B504460548B0F8CF0400EE03
:10887000100AB8EE400A84ED000AF8F717FB10BDA5
:108880002C5100202DE9F0472DED088B80468946BC
:1088900092461C469FEDA50AF0EE409A9FEDA30A72
:1088A000B0EE40AA9FEDA10AF0EE40AA9FED9F0A0C
:1088B000B0EE40BA9FED9D0AF0EE40BA9FED9B0AE4
:1088C000B0EE408A9FED990AF0EE408A9FED970A3C
:1088D000B0EE409AA06D90ED010ADFED950AB4EE7E
:1088E000E00AF1EE10FA09DCA06D90ED010ADFED6F
:1088F000910AB4EEE00AF1EE10FA08D2A06D90ED04
:10890000010ABDEEC00A10EE100A05B200E0002513
:10891000A06D90ED020ADFED860AB4EEE00AF1EEFA
:1089200010FA09DCA06D90ED020ADFED820AB4EEC8
:10893000E00AF1EE10FA08D2A06D90ED020ABDEE49
:10894000C00A10EE100A07B200E00027A06D90EDFB
:10895000030ADFED770AB4EEE00AF1EE10FA09DC63
:10896000A06D90ED030ADFED730AB4EEE00AF1EEBC
:1089700010FA08D2A06D90ED030ABDEEC00A10EE09
:10898000100A06B200E0002600EE105AB8EEC00A47
:10899000DFED690A20EE200AF0EE409A784200EE00
:1089A000100AB8EEC00ADFED640A20EE200AB0EE2D
:1089B00040AA00EE106AB8EEC00ADFED600A20EEB1
:1089C000200AF0EE40AAA06D807C00F0080020B1E3
:1089D000B8EE0C0AB0EE40BA08E0A06D807C00F062
:1089E000040018B1B0EE0C0AB0EE40BAA06D807C65
:1089F00000F0020020B1B8EE0C0AF0EE40BA08E038
:108A0000A06D807C00F0010018B1B0EE0C0AF0EE11
:108A100040BA3BEE290AB0EE408A3BEE8A0AF0EEFD
:108A2000408AB0EE6A9A94EDC70AB0EE401A94ED0F
:108A3000C80AF0EE400AB0EE490A00F0FBFEB0EEC4
:108A4000409A94EDC30AB0EE401A94EDC40AF0EED9
:108A5000400AB0EE480A00F0EDFEB0EE408A94ED18
:108A6000C50AB0EE401A94EDC60AF0EE400AB0EE28
:108A7000680A00F0DFFEF0EE408AB0EE480A04F526
:108A80002E7000F09AFEB0EE680A04F5327000F025
:108A900094FEB0EE490A04F5367000F08EFE9FEDAC
:108AA000280AB4EEC08AF1EE10FA0AD29FED250A28
:108AB000B4EEC08AF1EE10FA03DD9FED1C0A84EDDE
:108AC000AF0A9FED1F0AF4EEC08AF1EE10FA0AD247
:108AD0009FED1C0AF4EEC08AF1EE10FA03DD9FED63
:108AE000130A84EDB30A9FED160AB4EEC09AF1EEB4
:108AF00010FA0AD29FED130AB4EEC09AF1EE10FA02
:108B000003DD9FED0A0A84EDB70A94EDAF0A88ED04
:108B1000000A94EDB30A89ED000A94EDB70A8AEDD4
:108B2000000ABDEC088BBDE8F087000000000000E3
:108B300000004842000048C2C99BB2BBC99BB23B7F
:108B4000B5898B3EB5898BBE10B52DED0E8B84B0EB
:108B500004461CB904B0BDEC0E8B10BD9FEDFE0A9F
:108B60008DED030A9FEDFC0A8DED020A9FEDFA0AD6
:108B70008DED010A234601AA02A903A8FFF75EFAB8
:108B800094F8F80200287CD1F44890ED000ADFED5B
:108B9000F40A20EE200ADFEDF30A80EE201AF0EE50
:108BA000418A9FEDEF1ADFEDF00AB0EE680A00F09F
:108BB000B4FFB0EE408A18EE100A04F05BFF41ECFF
:108BC0001E0BB0EE4E0AF0EE6E0AFDF709FDB0EE98
:108BD00040CAF0EE60CA039804F04CFF41EC1D0B54
:108BE00053EC1C2B04F078F941EC1A0B18EE100A28
:108BF00004F040FF41EC1E0BB0EE4E0AF0EE6E0AA0
:108C0000FDF78AFCB0EE40CAF0EE60CA029804F0AC
:108C100031FF41EC1D0B53EC1C2B04F05DF941ECD2
:108C20001B0B53EC1A2B04F023FC41EC190B03F043
:108C300071FCC4F8FC0218EE100A04F01BFF41ECB2
:108C40001E0BB0EE4E0AF0EE6E0AFDF765FCB0EEBC
:108C500040CAF0EE60CA039804F00CFF41EC1D0B13
:108C600053EC1C2B04F038F941EC1A0B18EE100AE7
:108C700004F000FF41EC1E0BB0EE4E0AF0EE6E0A5F
:108C800000E057E0FDF7ACFCB0EE40CAF0EE60CA81
:108C9000029804F0EFFE41EC1D0B53EC1C2B04F08A
:108CA0001BF941EC1B0B53EC1A2B03F095FD41EC27
:108CB000190B03F02FFCC4F80003DFEDA70AB0EE98
:108CC000480A04F51070FCF75FF894ED980A84EDFB
:108CD000C10AD4EDC71AB0EE611AD4EDC81AF0EE8D
:108CE000610AD4EDC11AB0EE610A00F0A3FD84ED73
:108CF000C10AD4EDC31AB0EE611AD4EDC41AF0EE75
:108D0000610AD4EDBF1AB0EE610A00F093FD84ED64
:108D1000BF0AD4EDC51AB0EE611AD4EDC61AF0EE52
:108D2000610AD4EDC01AB0EE610A00F083FD84ED53
:108D3000C00AE4E194F8F80201287DD194F8F90220
:108D400001280CD089480078401C884908700878B0
:108D500000EBD0714910A0EB4101844A11707F48AB
:108D600090ED000ADFED7E0A20EE200ADFED7D0A9D
:108D700080EE201AF0EE418A9FED791ADFED7A0A33
:108D8000B0EE680A00F0C9FEB0EE408A18EE100A94
:108D900004F070FE41EC1E0BB0EE4E0AF0EE6E0ACF
:108DA000FDF71EFCB0EE40CAF0EE60CA039804F076
:108DB00061FE41EC1D0B53EC1C2B04F08DF841ECD3
:108DC0001A0B18EE100A04F055FE41EC1E0BB0EE23
:108DD0004E0AF0EE6E0AFDF79FFBB0EE40CAF0EED1
:108DE00060CA029804F046FE41EC1D0B53EC1C2BAC
:108DF00004F072F841EC1B0B53EC1A2B04F038FB17
:108E000041EC190B03F086FBC4F8FC0218EE100AC3
:108E100004F030FE41EC1E0BB0EE4E0AF0EE6E0A8E
:108E2000FDF77AFBB0EE40CAF0EE60CA039804F09A
:108E300021FE41EC1D0B00E069E053EC1C2B04F01B
:108E40004BF841EC190B18EE100A04F013FE41EC3C
:108E50001E0BB0EE4E0AF0EE6E0AFDF7C1FBB0EE4F
:108E600040CAF0EE60CA029804F004FE41EC1D0B0B
:108E700053EC1C2B04F030F841EC1A0B53EC192B7B
:108E800003F0AAFC41EC1B0B03F044FBC4F8000305
:108E9000A06D807C00F0100020B19FED350A84EDBC
:108EA000C10A03E0BFEE040A84EDC10AD4EDC71A7B
:108EB000B0EE611AD4EDC81AF0EE610AD4EDC11A11
:108EC000B0EE610A00F0B6FC84EDC10AD4EDC31A1D
:108ED000B0EE611AD4EDC41AF0EE610AD4EDBF1AF7
:108EE000B0EE610A00F0A6FC84EDBF0AD4EDC51A0D
:108EF000B0EE611AD4EDC61AF0EE610AD4EDC01AD4
:108F0000B0EE610A00F096FC84EDC00AF7E094F838
:108F1000F80203280CD19FED100A84EDBF0A9FEDE3
:108F20000E0A84EDC00A9FED0C0A84EDC10AE6E04A
:108F300094F8F8020628E9D1084890ED000ADFED20
:108F4000080A20EE200ADFED070A80EE201AF0EE74
:108F5000418A9FED031A0DE000000000C4000020CC
:108F6000DB0F494000003443DB0F49C02C010020D7
:108F70009A99D9BF5FED040AB0EE680A00F0CDFD02
:108F8000B0EE408A18EE100A04F074FD41EC1E0B9E
:108F9000B0EE4E0AF0EE6E0AFDF722FBB0EE40CACC
:108FA000F0EE60CA039804F065FD41EC1D0B53EC34
:108FB0001C2B03F091FF41EC190B18EE100A04F082
:108FC00059FD41EC1E0BB0EE4E0AF0EE6E0AFDF7B5
:108FD000A3FAB0EE40CAF0EE60CA029804F04AFD6F
:108FE00041EC1D0B53EC1C2B03F076FF41EC1B0BEB
:108FF00053EC192B04F03CFA41EC1A0B03F08AFAFB
:10900000C4F8FC0218EE100A04F034FD41EC1E0B0B
:10901000B0EE4E0AF0EE6E0AFDF77EFAB0EE40CAF0
:10902000F0EE60CA039804F025FD41EC1D0B53ECF3
:109030001C2B03F051FF41EC1A0B18EE100A04F040
:1090400019FD41EC1E0BB0EE4E0AF0EE6E0AFDF774
:10905000C7FAB0EE40CAF0EE60CA029804F00AFD0A
:1090600041EC1D0B53EC1C2B03F036FF41EC1B0BAA
:1090700053EC1A2B03F0B0FB41EC190B03F04AFA46
:10908000C4F800035FED4C0AB0EE480A04F5107016
:10909000FBF77AFE94ED980A84EDC10AD4EDC71A65
:1090A000B0EE611AD4EDC81AF0EE610AD4EDC11A1F
:1090B000B0EE610A00F0BEFB84EDC10AD4EDC31A24
:1090C000B0EE611AD4EDC41AF0EE610AD4EDBF1A05
:1090D000B0EE610A00F0AEFB84EDBF0AD4EDC51A14
:1090E000B0EE611AD4EDC61AF0EE610AD4EDC01AE2
:1090F000B0EE610A00F09EFB84EDC00A00BF00BF25
:1091000028E510B5044604B910BD2046FEF7C0FF9F
:1091100000BFF9E703E04FF4FA6002F037F92B489B
:10912000C07E0028F7D02A48FFF7DCF803E04FF4B0
:109130007A7002F02BF9FFF76BF90028F7D144E0C1
:109140002348FFF7DEFF2248FFF78EF82048FFF79D
:10915000FBFC1F48FFF754F81C48007F10B91B4860
:10916000407F30B91948007F012809D11748807F16
:1091700030B100231A4619461846F7F793FD21E04F
:10918000134C94ED7A0ABDEEC00A10EE104A23B2D9
:109190000F4C94ED5C0ABDEEC00A10EE104A22B2EC
:1091A0000B4C94ED3E0ABDEEC00A10EE104A21B2FF
:1091B000074C94ED200ABDEEC00A10EE104A20B212
:1091C000F7F770FD012000F027FDB9E7684E002099
:1091D000204B0020F1EE401A71EEE01A71EE811A78
:1091E000C0ED001A70EE601A71EE811AC0ED011A1E
:1091F00070EE201A71EE811AC0ED021AF1EE401ADB
:1092000071EEA01A71EE811AC0ED031A70470000CA
:1092100007E0044800F08CFAFCF7C8F80A2000F0D8
:10922000FBFCF6E7684E002010B5044604EBC400D2
:10923000454901EB8000006804EBC401424A02EB9F
:109240008101486002F0E4FE04EBC4013E4A02EBF7
:109250008101086004EBC400114601EB8000C07C72
:10926000C0F38010B0B104EBC40001EB8000C07CFF
:1092700020F0400004EBC40102EB8101C87404EB50
:10928000C400114601EB8000006804EBC40102EB4E
:109290008101C86004EBC4002B4901EB80008069A8
:1092A00090B304EBC401284A02EB8101886980472E
:1092B00058B304EBC400244901EB8000C07C20F0CB
:1092C0002000203004EBC4011F4A02EB8101C87466
:1092D00004EBC400114601EB8000C07C20F080004C
:1092E000803004EBC40102EB8101C87404EBC400BC
:1092F000114601EB8000006A28B304EBC40102EBC5
:109300008101086A80471EE00FE0FFE704EBC4001C
:109310000D4901EB8000C07C20F0800004EBC4010B
:10932000094A02EB8101C8740DE004EBC400064950
:1093300001EB8000C07C20F0800004EBC401024AF5
:1093400002EB8101C87410BD584F002010B592B0D7
:109350000446482254496846F7F704F900209EE085
:1093600000EB40013DF8112000EBC0014F4B03EB37
:109370008101098A62F30B0100EBC00203EB820258
:10938000118200EB40016A4602EB41014A8800EB82
:10939000C00103EB8101B1F8111062F30F1100EB72
:1093A000C00203EB8202A2F8111000EB40016A46F2
:1093B00002EB4101097900EBC00203EB8202D27C8F
:1093C00061F3440200EBC00103EB8101CA74002188
:1093D00000EBC00203EB8202916100EBC00203EBE1
:1093E0008202D16100EBC00203EB8202116200EB4A
:1093F000C0011A4602EB8101C97C21F00101491C20
:1094000000EBC00203EB8202D17400EBC0011A46EC
:1094100002EB8101C97C21F02001203100EBC00268
:1094200003EB8202D17400EBC0011A4602EB81010A
:10943000C97C21F04001403100EBC00203EB820205
:10944000D17400EBC0011A4602EB8101C97C21F006
:109450008001803100EBC00203EB8202D1749FEDEA
:10946000140A10EE101A00EBC00203EB82025161E5
:1094700000EBC0011A4602EB81010C6000EBC00159
:1094800002EB81014C6000EBC00102EB81018C60BA
:1094900000EBC00102EB8101CC60411CC8B20C287A
:1094A000FFF65EAF12B010BD34E00008584F002048
:1094B0000000000002F0ACFD994908600846006811
:1094C000FFF744FF392001F061FF27E102F0A0FD22
:1094D000934908600C2093490870934890F8C301A1
:1094E00020F04001904880F8C31190F8C30120F0AB
:1094F00020018D4880F8C311002409E104EBC40069
:10950000894901EB8000C07C00F0010000B9FEE059
:1095100004EBC400844901EB8000006880490968BD
:10952000081A04EBC401804A02EB8101098AC1F3E5
:109530000B01884260D904EBC400114601EB8000A6
:10954000C07CC0F3401008BB04EBC40001EB8000FA
:10955000C07C20F04000403004EBC40102EB8101EC
:10956000C87404EBC400114601EB8000C07C20F0FD
:109570002000203004EBC40102EB8101C87468486C
:10958000006804EBC40102EB8101886004EBC400B5
:10959000654901EB8000C07CC0F343006149097854
:1095A00001EBC101604A02EB8101C97CC1F34301B7
:1095B000884201DD5B490C705B4890F8C30120F0E4
:1095C00040004030584981F8C301084690F8C30173
:1095D00020F02000203081F8C30104EBC40001EB2F
:1095E0008000C069002806D004EBC4014E4A02EB9B
:1095F0008101C869804789E004EBC4004A4901EB56
:109600008000C06846490968081A04EBC401464A4C
:1096100002EB8101B1F81110B0EB111F1BD204EB6A
:10962000C400114601EB8000C07C20F0400004EB38
:10963000C40102EB8101C87404EBC400114601EBC4
:109640008000C07C20F02000203004EBC40102EB3D
:109650008101C8745AE004EBC400334901EB800077
:10966000C07C20F0400004EBC4012F4A02EB8101D2
:10967000C87404EBC400114601EB8000C07CC00933
:1096800068B104EBC40001EB8000C07C20F0200036
:10969000203004EBC40102EB8101C8740DE004EB3F
:1096A000C400214901EB8000C07C20F0200004EBC5
:1096B000C4011D4A02EB8101C87404EBC4001A49BD
:1096C00001EB8000006804EBC401174A02EB810142
:1096D000496888421AD904EBC400114601EB8000A6
:1096E000006804EBC40102EB81014968401A00EEF6
:1096F000100AF8EE400A9FED0D1A81EE200A10EED6
:10970000100A04EBC40102EB8101486100BF641C34
:109710000C2CFFF6F3AE0A2001F038FED6E600006E
:109720003001002034010020584F002000007A440E
:10973000017801F001014176017801F00201C17662
:10974000017801F004018176017801F0080111B17E
:109750000121C17705E0017801F0100109B1002174
:10976000C177017E01F0010111B10021017705E00F
:10977000017E01F0020109B101210177017E01F0B2
:10978000040111B10121417701E000214177017EFF
:1097900001F0080111B10121817701E000218177F9
:1097A000704782B0CDE9000121F0004001909DEDAD
:1097B000000B02B051EC100B704710EE101A016054
:1097C000816800EE901AC16801EE101A70EE811ADD
:1097D000816800EE901A80EEA11A416800EE901A9E
:1097E00061EE200A816801EE101AC16801EE901A3C
:1097F00031EE212A01EE101AC1EE021A016801EEC3
:10980000101A41EE810A10EE901A41607047000074
:1098100010EE102AC2600A688260DFED050A10EEC1
:10982000902A0260DFED020A10EE902A4260704733
:1098300000000000F0EE401AF4EEE01AF1EE10FA2B
:1098400002D2B0EE600A7047F4EEC11AF1EE10FADF
:1098500002DDB0EE410AF6E7B0EE610AF3E7000080
:1098600000487047884E00202DE9F04104460D461F
:1098700016461F4694ED001A21EE011AD4ED011A86
:1098800094ED012A01EE821AF7EE001AB0EE002ADA
:1098900052EE011AF0EE610A94ED001AD4ED031AAB
:1098A00021EE211AD4ED011A94ED022A01EE821A5A
:1098B000F0EE001A21EE211AB0EE410AFCF704FD89
:1098C00085ED000AD4ED010A94ED031A60EE810AD9
:1098D00094ED001AD4ED021A41EE610AB8EE001AB6
:1098E00060EE810AB0EE600AFCF758FC86ED000AD3
:1098F00094ED001A21EE011AD4ED031A94ED032A17
:1099000001EE821AF7EE001AB0EE002A52EE011AAA
:10991000F0EE610A94ED001AD4ED011A21EE211A3D
:10992000D4ED021A94ED032A01EE821AF0EE001A29
:1099300021EE211AB0EE410AFCF7C6FC87ED000AC1
:10994000BDE8F08100487047504E0020014601F00C
:10995000030000EB8000024A02EB40007047000069
:109960006058002000487047084B00200A78213AD0
:1099700002EB8202920000EE102AB8EEC00A80EDDF
:10998000010A4A78213A02EB8202920000EE102A84
:10999000B8EEC00A80ED020A9FED080A80ED030AC6
:1099A0008A780276CB7803740B7943744A79028003
:1099B000438A8382021DCB884382704700000000E7
:1099C00000487047684E0020004870476C4E0020E9
:1099D0000048704788580020004870472C510020EC
:1099E00000487047C057002070B5044644F6206513
:1099F0009FED280A84ED000A9FED260A84ED010AF6
:109A00009FED240A84ED020A002621E0224AA2F1F9
:109A10000C01101DF6F7A4FF94ED000A1E48103843
:109A2000D0ED050A30EE200A84ED000A94ED010A1B
:109A3000D0ED060A30EE200A84ED010A94ED020A08
:109A4000D0ED070A30EE200A84ED020A701C86B2BF
:109A5000AE42DBDBD4ED000A00EE105AB8EE400A4D
:109A600080EE801A84ED001AD4ED010A00EE105A3F
:109A7000B8EE400A80EE801A84ED011AD4ED020A95
:109A800000EE105AB8EE400A80EE801A84ED021AF9
:109A900070BD000000000000984E002090ED000A0C
:109AA000D1ED000A30EE600A80ED000A90ED010A67
:109AB000D1ED010A30EE600A80ED010A90ED020A54
:109AC000D1ED020A30EE600A80ED020A7047000014
:109AD000F0EE400AF6EE001A60EEA11AB0EE611A3E
:109AE000B0EE600A10EE100A0749A1EB600000EE2C
:109AF000100A21EE002AF7EE081A42EE401A61EE33
:109B0000801AB0EE610A7047DF59375F04E0FAF758
:109B100063FC052000F080F8F9E7B4EEE01AF1EEFE
:109B200010FA00D27047B4EEC10AF1EE10FA0EDD61
:109B300031EE602AF0EE421A03E030EE612AB0EE18
:109B4000420AB4EEC10AF1EE10FAF6DC13E0B4EE0C
:109B5000E00AF1EE10FA0ED231EE602AF0EE421A6F
:109B600003E030EE212AB0EE420AB4EEE00AF1EE54
:109B700010FAF6D300BF00BFD4E70000F8F7BEFC30
:109B8000FBF772FCFAF7E4FDFAF712FDFAF7CEFCE8
:109B9000FAF7EEFCFAF766FEFAF712FFFAF72CFF77
:109BA000FAF746FFFAF782FEFAF7D2FE0848F9F70D
:109BB00091FC00F0D9FEF7F70FF8FEF711FAFBF76A
:109BC00045FBFAF741FD00F033F800BFFEE7000067
:109BD000700A002001460020842901D0CA1C1044CC
:109BE000704700000246501AB0F5805F03DDA0F513
:109BF000F850FF3805E010F5805F02DA41F6FF7398
:109C0000184400EE100AB8EEC00ADFED020A20EE9A
:109C1000200A70470000343D70B5044625460DB15A
:109C2000294600E00121084601F0B0FB002070BD8C
:109C300010B501F0A1FC002010BD7FB504460D4613
:109C4000606998B1A06988B1B4F90800FFF7C2FF54
:109C50000646D4E90510CDE9006102902B46226941
:109C6000D4E9001002F066F9039013E0B4F908009B
:109C7000FFF7B0FF064603A8CDE90060238A9AB239
:109C80002B46D4E9001002F023F9012802D000206D
:109C900004B070BD0398FBE72DE9F04105460E4680
:109CA0001C4807681C480068001D01F0E7F950B91E
:109CB0001948006890F82C1001208840174909685D
:109CC000814316480160681C38B936B112480168F2
:109CD000091D134801F028FA1AE07C190E480068A3
:109CE0004460BC4207D20C480168091D0D48006859
:109CF00001F000FA0CE008480168091D0A480068F4
:109D000001F0F8F909480068844201D2074804606C
:109D1000BDE8F08158000020440000205C000020D5
:109D2000080E00204C000020480000207400002095
:109D300010B5044601F004FA23480068401C22498B
:109D400008602248006840B920480460084600685E
:109D500001280DD100F0F4F90AE01D48006838B977
:109D60001A480068C06AE16A884201D8174804604E
:109D700018480068401C1749086094F82C1001200E
:109D8000884015490968084313490860E16A01EBF6
:109D90008101124A02EB8100211D01F0C5F901F099
:109DA000F9F90B48006868B108480068C06AE16AC0
:109DB000884207D24FF0805009490860BFF34F8FA7
:109DC000BFF36F8F10BD000054000020440000203E
:109DD00060000020700000205C0000202C0D00209E
:109DE00004ED00E008B501F0ABF912480068E8B9ED
:109DF000114801F06FF9114801F06CF90E48104953
:109E000008600E480F49086000200F4B0F4A0C21D4
:109E100000900A2001F054FD0649086008460068D9
:109E200020B10BA10348006801F074FA01F0B2F907
:109E300008BD0000880000201C0E0020300E00200D
:109E40008000002084000020440E00208C0E0020A2
:109E5000546D72510000000010B516E001F070F969
:109E60000C48C068C468201D01F008F90A48006861
:109E7000401E0949086009480068401E07490860FB
:109E800001F088F9204600F05FF8044800680028D7
:109E9000E4D110BDF40D002054000020500000203B
:109EA00070B504460D46206C70B1216CE068014429
:109EB000E160D4E90210884201D32168E1602846BC
:109EC000226CE168F6F7C7FA70BD2DE9F04104464F
:109ED0000F4615464FF00008A66B206C48B9206865
:109EE00000282CD1A06802F03DF980460020A06037
:109EF00025E07DB93946226C6068F6F7ACFA216C32
:109F0000606808446060D4E90101884217D3206882
:109F1000606014E03946226CE068F6F79CFA216C28
:109F2000E068411AE1602168E068884203D2216C50
:109F3000A068411AE160022D01D106B1761E701CA5
:109F4000A0634046BDE8F08110B5044694F8510086
:109F500030B9206B01F03CF9204601F039F91AE0E4
:109F600094F85100012803D1204601F031F912E0A4
:109F700094F85100022801D1012000E0002050B9DE
:109F800000BF502080F31188BFF34F8FBFF36F8F56
:109F900000BF00BFFEE710BD0146084A1268126804
:109FA0000AB9012200E000220A600A6822B9034AC5
:109FB0001268D268106800E000207047800000201E
:109FC00030B54FF47053174800F007042CB1C01D92
:109FD00020F00700134C041B1B1B0246124C22608E
:109FE0000024114D6C60D018083820F007000F4C89
:109FF000206000240D4D2D686C600C4D2D682C6088
:10A000001146441A4C60094C24680C60084D4C6899
:10A010002C60084D4C682C604FF00044064D2C60BD
:10A0200030BD0000040F0020940000209C000020A0
:10A03000A4000020A0000020B000002000BFFFF717
:10A040000BFF064800680128F9D94FF080500449F9
:10A050000860BFF34F8FBFF36F8FF0E72C0D002028
:10A0600004ED00E02DE9F04106460D4617469846FE
:10A07000069C0DB9246000E02760E6632564012199
:10A08000204601F08DFCBDE8F0812DE9FF5F81469F
:10A090000E469246DDE90E7B109CAAF10100216B71
:10A0A00001EB800828F0070808F0070008B9012034
:10A0B00000E0002050B900BF502080F31188BFF3AA
:10A0C0004F8FBFF36F8F00BF00BFFEE786B1002543
:10A0D00007E0715D04F134004155705D00B902E0A4
:10A0E0006D1C102DF5D300BF00214320015502E067
:10A0F000002084F83400072F00D30627E762676446
:10A100000020A064201D00F0F2FF04F1180000F010
:10A11000EEFF2461C7F10700A06164620020E064E3
:10A1200084F8500049464046039A00F05DFB2060E9
:10A13000BBF1000F01D0CBF80040BDE8FF9F00004D
:10A1400010B5002407E004EB84010F4A02EB810004
:10A1500000F0C0FF641C072CF5D30C4800F0BAFFD8
:10A160000B4800F0B7FF0B4800F0B4FF0A4800F0BE
:10A17000B1FF0A4800F0AEFF0448094908600448EE
:10A180000849086010BD00002C0D0020B80D00200B
:10A19000CC0D0020E00D0020F40D0020080E002062
:10A1A000480000204C00002010B50146164800E091
:10A1B000006803688B42FBD30246436813448B421A
:10A1C00004D143684C682344436001460A464B6807
:10A1D00013440468A34211D10C4C03682468A342C1
:10A1E00008D04B680468646823444B6003681B68AC
:10A1F0000B6005E0054B1B680B6001E003680B601A
:10A20000884200D0016010BD940000209C00002016
:10A210002DE9F04104460D4616461F464FF0000852
:10A2200065602461B5420CD8F01BA169884202D355
:10A230004FF0010811E0211D0948006800F05AFFA5
:10A240000BE0BE4204D2BD4202D34FF0010804E04D
:10A25000211D0448006800F04DFF4046BDE8F08134
:10A26000840000208000002070B5054600F068FFE3
:10A27000A86B08B9012400E0002400F08BFF204601
:10A2800070BD70B5054600F05BFFA86BE96B8842B6
:10A2900001D1012400E0002400F07CFF204670BDC5
:10A2A000F8B505460F461A480068C068C468201D06
:10A2B00000F0E4FE94F8240000F00400E8B1A06986
:10A2C00041192B463A462046FFF7A2FFD8B100209D
:10A2D00003462A4601460090204602F0B1F80646A1
:10A2E00056B900BF502080F31188BFF34F8FBFF3E2
:10A2F0006F8F00BF00BFFEE705E094F8240020F058
:10A30000010084F824002046216A8847F8BD000037
:10A310008000002070B586B08BE003980028FBDB3E
:10A32000059C606908B9012000E0002010B9201DDB
:10A3300000F0A4FE02A800F0DDF8054603980A2804
:10A3400075D2DFE800F009050739416306083A4293
:10A3500000BF00BF00BF00BF94F8240040F0010020
:10A3600084F824000498A269811803462A462046EE
:10A37000FFF74EFFF8B12046216A884794F8240081
:10A3800000F00400B8B1002000900498A1694218C0
:10A3900000231946204602F053F8064656B900BF7E
:10A3A000502080F31188BFF34F8FBFF36F8F00BF32
:10A3B00000BFFEE700BF3BE000BF94F8240020F0A0
:10A3C000010084F8240033E000BF94F8240040F03A
:10A3D000010084F824000498A061A06908B101205C
:10A3E00000E0002050B900BF502080F31188BFF377
:10A3F0004F8FBFF36F8F00BF00BFFEE7A069411909
:10A400002B462A462046FFF703FF11E094F824006C
:10A4100000F0020018B9204600F0DAFE05E094F8DA
:10A42000240020F0010084F8240001E0FFE700BFD1
:10A4300000BF002203A90448006801F04FFC002877
:10A440007FF46BAF06B070BD88000020F8B50546FC
:10A450000C4601F0EDF8684600F04CF8064600980E
:10A4600020BB44B9B54206D801F02CFF314628463E
:10A47000FFF716FF1CE03CB10E480068006808B901
:10A48000012000E000200446A91B22460A4800687B
:10A4900000F056FF01F016FF50B94FF08050074909
:10A4A0000860BFF34F8FBFF36F8F01E001F00AFF29
:10A4B000F8BD0000840000208800002004ED00E0CA
:10A4C0000A490968096809B9012100E0002121B1A0
:10A4D0004FF0FF31064A116006E004490968C96877
:10A4E000C868034A416811607047000048000020B6
:10A4F0007400002070B5044601F08AFD0546074847
:10A500000068854204D200F00BF80120206001E0D1
:10A510000020206001480560284670BD90000020A2
:10A520002DE9F84334E025480068C06805682348F1
:10A530000068C068C468201D00F0A0FD2046216AA4
:10A54000884794F8240000F0040008B3A069461975
:10A55000AE4207D966602461211D1848006800F0EA
:10A56000C9FD15E0002003462A460146009020461A
:10A5700001F066FF074657B900BF502080F31188ED
:10A58000BFF34F8FBFF36F8F00BF00BFFEE700BF69
:10A590000A480068006808B9012000E0002000288F
:10A5A000C1D00648D0F8008005480068034908601B
:10A5B0000348C0F80080BDE8F88300008000002058
:10A5C000840000200E480068401C08B9012000E00B
:10A5D000002050B900BF502080F31188BFF34F8F87
:10A5E000BFF36F8F00BF00BFFEE700BF502080F3B6
:10A5F0001188BFF34F8FBFF36F8F00BF00BFFEE71F
:10A60000B400002008B500BF6846FFF7C5FC04464B
:10A6100020460099FFF71AFFFFF77CFEF4E770B5BC
:10A62000044600F08DFD94F9455010E0606A08B9C9
:10A63000012000E0002038B904F1240001F0F6FD0B
:10A6400018B100F057FF00E003E0681E45B2002D8E
:10A65000ECDC00BFFF2084F8450000F09BFD00F01B
:10A660006FFD94F9445010E0206908B9012000E022
:10A67000002048B904F1100001F0D8FD08B100F045
:10A6800039FF681E45B200E001E0002DECDC00BFA0
:10A69000FF2084F8440000F07DFD70BD2DE9F041FD
:10A6A00004464FF0000800F0C3FF4948006808B9AD
:10A6B000FFF786FC474800682040002870D1D4B1DD
:10A6C000083404F00700B0B104F00700C0F108003E
:10A6D000044404F0070008B9012000E0002050B94C
:10A6E00000BF502080F31188BFF34F8FBFF36F8FEF
:10A6F00000BF00BFFEE7002C52D0374800688442FC
:10A700004ED8364E3046056801E02E462D68686802
:10A71000A04202D228680028F7D12D48006885425F
:10A720003ED0306800F10808286830606868001B77
:10A73000102819D92F1907F0070008B9012000E0E7
:10A74000002050B900BF502080F31188BFF34F8F15
:10A75000BFF36F8F00BF00BFFEE76868001B786023
:10A760006C603846FFF720FD1B4968680968081AC5
:10A77000194908600846006819490968884203D2E7
:10A780001548006816490860124968680968084356
:10A7900068600020286013480068401C1149086068
:10A7A00001F090FD08F0070008B9012000E000204A
:10A7B00050B900BF502080F31188BFF34F8FBFF313
:10A7C0006F8F00BF00BFFEE74046BDE8F08100008C
:10A7D0009C000020B0000020A00000209400002079
:10A7E000A4000020A8000020001F4FF08073036029
:10A7F000001F21F001030360001F054B03601438A4
:10A800000260001F6FF002030360203870470000F1
:10A81000C5A5000870B5049C4D4D2D686D6945F0C7
:10A8200040054B4E36687561494D2D686D6945F0A0
:10A830008005474E36687561454D2D68ED6845F0D9
:10A840001005434E3668F560424D2D682D6825F0A1
:10A850000105404E3668356007E03E4D2D682D6895
:10A8600025F001053B4E366835603A4D2D682D6860
:10A8700005F00105002DF0D1364D2D68364EB5425C
:10A8800004D9F514344E4C3E356019E0314D2D6835
:10A89000324EB54204D9F5142F4E503E35600FE0CC
:10A8A0002C4D2D682D4E603EB54204D9F5142B4E2B
:10A8B000B83EF56004E04FF40065284EB83EB56040
:10A8C000274D244E3668B560224D2D68E860214D35
:10A8D0002D6829611F4D2D686A601E4D2D682D68F9
:10A8E00045F480251B4E366835601A4D2D682D685D
:10A8F00045F00105174E366835601A4D2D682D68F4
:10A9000025F00105174E3668356007E0154D2D68B6
:10A910002D6825F00105134E36683560114D2D6800
:10A920002D6805F00105002DF0D10D4D0D4E366856
:10A93000B5600C4D2D68EB600A4D2D686C60094DBB
:10A940002D682D6845F00105064E3668356070BDEE
:10A95000400B0020E40B002058640240B860024025
:10A9600004140140440C002010B524220249A1F136
:10A970002400FAF721FB10BDFA57002000B101B9FD
:10A9800070470278437842EA0322C2F30A020A803F
:10A990004278D210837842EA4312C2F30A024A8014
:10A9A00082789211C37842EA8302037942EA8322D1
:10A9B000C2F30A028A8002795210437942EAC31232
:10A9C000C2F30A02CA804279C2F301128A72427942
:10A9D00012119308CB728279C37942EA032212B230
:10A9E0008A81027A437A42EA032213B201F10C020D
:10A9F000CB81827AC37A42EA032213B201F10C02BC
:10AA00000B82037B8B74437BCB74827BC37B42EAD8
:10AA100003228A82027C437C42EA032212B20A8128
:10AA20000A88A2F5806212B20A804A88A2F5806282
:10AA300012B24A808A88A2F5806212B28A80CA88DD
:10AA4000A2F5806212B2CA800A89A2F5806212B2AF
:10AA50000A8100BF94E710B500EE100A2DED028BBD
:10AA6000B1EEC08A18EE100A20F00040C0F1FF409D
:10AA7000C00F0AD010EE100A20F00040C0F1FF40D5
:10AA8000C00F04BF0120F5F7CEFD18EE100ABDEC93
:10AA9000028B10BD0848018808480088FDF768FA55
:10AAA0004FF4FA70FFF7B8F8FDF75AFA02E0C82041
:10AAB000FFF7B2F8FBE70000380100203601002064
:10AAC000014601EBC100034A02EB8000C07CC0F3E9
:10AAD00040107047584F00204349097F11B942493F
:10AAE000497F31B94049097F012907D13E49897F12
:10AAF00021B19FED3E0A3E4981ED000A90F8901188
:10AB0000002968D090F8911129B1B3EE0E0A3849A6
:10AB100081ED000A04E0B3EE0E0A354981ED000A2A
:10AB2000334991ED000A334981ED000A2E49497EEF
:10AB300000294AD08168B1F902100F290CDD2E4995
:10AB4000097849B92B4991ED000A294981ED000A9C
:10AB500000212A4A118043E08168B1F902100F29CF
:10AB60001ADC25490978B9B9224991ED000A204932
:10AB700081ED000A21490988491C09B21F4A118048
:10AB80001146B1F90010FA292ADB01211A4A117085
:10AB9000C8211A4A118023E01749097801B3BBEE96
:10ABA000040A134981ED000A14490988491E09B2B3
:10ABB000124A11801146B1F90010002910DC002161
:10ABC0000D4A11700D4A11800AE09FED080A0849EC
:10ABD00081ED000A04E09FED050A054981ED000AB8
:10ABE000034991ED000A7047684E00200000000004
:10ABF00054010020580100205E0100205C0100206B
:10AC000090F89021D2B1164A527E012A10D1154AED
:10AC100012789AB190ED050AB1EE400ADFED120A02
:10AC200030EE600A81ED000A00220E4B1A7005E03A
:10AC30000B4A527E12B901220A4B1A70084A127F3F
:10AC400012B9074A527F32B9054A127F012A06D14A
:10AC5000034A927F1AB19FED050A81ED000A704701
:10AC6000684E00204C010020CDCC4C3F000000007D
:10AC700010B50920FFF724FF10BD000010B50446F1
:10AC8000A0680088A1680989401A00B22A49088092
:10AC90000846B0F90000B0F5805F06DB0846B0F961
:10ACA0000000A0F5F850FF3802E02348B0F900009A
:10ACB00000B2214908800846B0F9000010F5805F15
:10ACC00006DC0846B0F9000041F6FF71084402E0D6
:10ACD0001948B0F9000000B2174908801748D0E9B8
:10ACE0000030B1F90010CA1759185041134AC2E98F
:10ACF0000010114603C902F0FDFE00EE100A9FEDA0
:10AD0000101AC0EE010A9FED0F0A20EE800ADFED57
:10AD10000E0A80EE201A84ED051AA068B0F9020030
:10AD200000EE100AB8EEC00ADFED080A20EE200A95
:10AD300084ED030A10BD00004E01002040010020F8
:10AD400000F8FF45DA0F49400000104225B4973B58
:10AD500010B50446FEF73CFEA060FEF735FE20600D
:10AD6000FEF73AFEC4F88C010023DFED130A9FEDD5
:10AD7000130A134A012104F12000FAF7E9F800232D
:10AD8000DFED0D0A9FED0D0A0E4A012104F1980036
:10AD9000FAF7DEF80023DFED090A9FED080A0A4AF8
:10ADA000012104F58870FAF7D3F8012084F88801AE
:10ADB0002046FFF763FF10BD0000000000401C4666
:10ADC0007CE0000888E0000894E0000810B5044624
:10ADD00094F88801012812D194ED041AF0EE410A8A
:10ADE00094ED031AB0EE410A04F58870F9F7CCFF30
:10ADF000BDEEC00A10EE100A01B2218321E094F8E2
:10AE00008801F0B994ED050AB1EE400AF0EE400A6F
:10AE10000C4890ED000A04F19800F9F7B5FF94EDA5
:10AE20002E1AF0EE410A94ED031AB0EE410A04F135
:10AE30002000F9F7A9FFBDEEC00A10EE100A01B21A
:10AE4000218310BD4801002010B504461C488079BC
:10AE500098B11C480078401CC0B21A4908700228FA
:10AE600001D1002008701748007818B9012084F833
:10AE7000880102E0002084F8880194F88801012804
:10AE800005D12046FFF728FE84ED040A06E094F879
:10AE9000880118B90C492046FFF7B2FE0B48407EE6
:10AEA00060B99FED0B0A84ED040A0021094A116084
:10AEB00051609FED070A044880ED000A10BD0000B4
:10AEC000385800205001002048010020684E002022
:10AED00000000000400100204FF4FA7000F056FA24
:10AEE0001748FFF735FF03E04FF4FA7000F04EFA11
:10AEF000FFF7BEFE0028F7D121E01148FFF7BEFEA4
:10AF00000F48FFF7A1FF0E48FFF760FF0D48007FD5
:10AF100010B90C48407F30B90A48007F012806D19B
:10AF20000848807F18B10020F5F7E4FE04E00449EA
:10AF3000B1F91800F5F7DEFE0120FEF76DFEDCE743
:10AF400028560020684E002010B50A4890F8C50425
:10AF500009490860FCF712F8FCF78AF9FCF726FCAF
:10AF6000FCF712FBFCF70CFDFCF77AFAFCF79AF8F9
:10AF700010BD00002C5100201402002010B5044622
:10AF8000A52020701520A4F8010012480078E07078
:10AF900010480078401C0F49087004212046FDF736
:10AFA0000DF8641D04F8010C40F20130208040F2DD
:10AFB0000110608008480088A0800748008800F5DC
:10AFC0008070E080641F1C212046FCF7DBFFA0831B
:10AFD00010BD0000100200201402002010B504462D
:10AFE000A52020702420A4F8010012480078E07009
:10AFF00010480078401C0F49087004212046FCF7D7
:10B00000DDFF641D04F8010C40F2013020804FF494
:10B010008170608008480088A0800748008800F59B
:10B020008070E080641F2B212046FCF7ABFFA4F862
:10B030002B0010BD10020020140200204FF47A7083
:10B04000FEF7EAFDFFF780FF15E0F6F76DF8F6F77B
:10B0500035F8F5F76BFEF5F75FFFF5F7AFFEFAF79A
:10B0600035FC0548408A00F4004008B1FFF76CFF4A
:10B070001E20FEF7D1FDE8E7684E002001460A6970
:10B08000D1E901309860D1E90103586050688842E5
:10B0900001D188685060002008611068401E10606F
:10B0A00010687047034B0360034B0B6080231360F1
:10B0B00070470000180200206C020020034B036060
:10B0C000034B0B604FF48073136070476C040020D7
:10B0D000C004002000F1080141604FF0FF318160A1
:10B0E00000F10801C1600161002101607047002189
:10B0F0000161704710B502460B685C1C0CB9106901
:10B1000007E002F1080000E04068446824689C42BF
:10B11000FAD944684C604C68A160886041600A615B
:10B120001468641C146010BD42684A6093688B60A8
:10B13000936859609160086103685B1C0360704705
:10B1400000BF502080F31188BFF34F8FBFF36F8F84
:10B1500000BF0E480068401C0C49086008460068A3
:10B16000012812D10A480068C0B208B9012000E0E5
:10B17000002050B900BF502080F31188BFF34F8FDB
:10B18000BFF36F8F00BF00BFFEE77047B400002021
:10B1900004ED00E00D48006850B900BF502080F376
:10B1A0001188BFF34F8FBFF36F8F00BF00BFFEE763
:10B1B00006480068401E054908600846006820B936
:10B1C000002080F3118800BF00BF7047B40000204A
:10B1D00070B506463546002E44D0083D2C4622491F
:10B1E00060680968084008B1012000E0002050B9FB
:10B1F00000BF502080F31188BFF34F8FBFF36F8FD4
:10B2000000BF00BFFEE7206808B9012000E0002071
:10B2100050B900BF502080F31188BFF34F8FBFF3A8
:10B220006F8F00BF00BFFEE70F49606809680840E4
:10B23000C0B12068B0B90C49606809688843606093
:10B2400000F0F6F909496068096808440749086090
:10B250002046FEF7A9FF06480068401C0449086024
:10B2600001F030F870BD0000B0000020A000002008
:10B27000AC00002000204FF0E02108618861064802
:10B2800000684FF47A71B0FBF1F0401E4FF0E021FE
:10B2900048610720086170474000002070B5F5F74D
:10B2A0003FF80446102C16D304F1E02090F8F05338
:10B2B00015480078854201DB012000E0002050B9EC
:10B2C00000BF502080F31188BFF34F8FBFF36F8F03
:10B2D00000BF00BFFEE70D48006800F4E0600C49C5
:10B2E0000968884201D8012000E0002050B900BF61
:10B2F000502080F31188BFF34F8FBFF36F8F00BFD3
:10B3000000BFFEE770BD0000B80000200CED00E0BB
:10B31000BC000020024600200BE0084B53F8303000
:10B3200033B9064B43F8301003EBC0035A6002E018
:10B33000401C0828F1D300BF70470000EC0C00202F
:10B340002DE9F04105460E4617462C46FFF7F8FE5C
:10B3500094F94400401C10B9002084F8440094F98A
:10B360004500401C10B9002084F84500FFF712FF8B
:10B37000A06B28B93A46314604F1240000F0DCF80D
:10B380002046FFF74CF9BDE8F081000070B5044697
:10B390000025D4B11248006808B9012000E000205F
:10B3A00050B900BF502080F31188BFF34F8FBFF317
:10B3B0006F8F00BF00BFFEE700F03AF90021204682
:10B3C000FEF76AFC00F07EFF05463DB94FF0805065
:10B3D00004490860BFF34F8FBFF36F8F70BD00004B
:10B3E0007C00002004ED00E070B50546FFF7A8FEE4
:10B3F00015B93048006800E028460446201DFFF7D4
:10B400003DFE78B9E06A00EB80002B4951F820003E
:10B4100040B994F82C1001208840284909688143DC
:10B4200026480160A06A18B104F11800FFF726FE53
:10B4300023480068401C224908601E480068844276
:10B4400009D1211D1F48FFF76FFE1F480068401CEF
:10B450001D49086009E01D480068401E1B4908603E
:10B460002046FEF771FDFFF72BF8FFF793FE184813
:10B470000068E8B10F480068844219D11548006897
:10B4800008B9012000E0002050B900BF502080F32F
:10B490001188BFF34F8FBFF36F8F00BF00BFFEE770
:10B4A0004FF080500C490860BFF34F8FBFF36F8F90
:10B4B00070BD0000440000202C0D00205C00002026
:10B4C00070000020F40D00205000002054000020E7
:10B4D000600000207C00002004ED00E003490968C2
:10B4E0000160034909684160704700006C0000205A
:10B4F00058000020012001490860704768000020C2
:10B5000070B504460D4654B900BF502080F3118831
:10B51000BFF34F8FBFF36F8F00BF00BFFEE705483B
:10B52000016818312046FFF7E5FD01212846FEF7A6
:10B53000B3FB70BD4400002070B505460E461446AE
:10B5400055B900BF502080F31188BFF34F8FBFF370
:10B550006F8F00BF00BFFEE706480168183128461C
:10B56000FFF7E2FD0CB14FF0FF3621463046FEF703
:10B5700093FB70BD4400002010B586B000200590FC
:10B58000049003AA04A905A8FFF78CFD0022DDE9B9
:10B5900004101346CDE9002102901EA11F48039A12
:10B5A00000F0C8FC1E4908600846006808B1012484
:10B5B00000E00024012C02D100F006FF0446012C1B
:10B5C00015D100BF502080F31188BFF34F8FBFF318
:10B5D0006F8F00BF4FF0FF30124908600120124901
:10B5E000086000201149086000F0B6F810E0601C07
:10B5F00008B1012000E0002050B900BF502080F3C6
:10B600001188BFF34F8FBFF36F8F00BF00BFFEE7FE
:10B6100006B010BD49444C45000000003DA00008A4
:10B6200078000020740000206000002058000020F6
:10B6300002480068401C0149086070477C000020F7
:10B640001D48006818B101201C49086032E0002044
:10B650001A4908601A480068B0FA80F0C0F11F016A
:10B6600001EB8100174A52F8200008B1012000E0E8
:10B67000002050B900BF502080F31188BFF34F8FD6
:10B68000BFF36F8F00BF00BFFEE701EB81020D4BE0
:10B6900003EB820042685268426000F1080243688E
:10B6A000934202D14268526842604268D268064BB7
:10B6B0001A6000BF704700007C0000206800002076
:10B6C0005C0000202C0D002044000020F0B58BB061
:10B6D00007460E461546002400BF03E0305D01A971
:10B6E0000855641CB4EB850FF8DB00222046641C6F
:10B6F00001A90A542046641C0A5480222046641C76
:10B700000A547F222046641C0A54042000EB850062
:10B7100082B24FF47A733846F8F76BFD0BB0F0BD88
:10B72000FAF7BEFC13E00A48D0F8DE0400EE100A77
:10B73000DFED082A9FED072ADFED061AB3EE0C1A9B
:10B74000F3EE090AFAF7BAFC0A20FEF765FAEAE70F
:10B750002C510020000000001CB5524800685249DE
:10B76000884201D0012000E0002050B900BF5020E5
:10B7700080F31188BFF34F8FBFF36F8F00BF00BFFF
:10B78000FEE7484800684849491E884201D0012028
:10B7900000E0002050B900BF502080F31188BFF3B3
:10B7A0004F8FBFF36F8F00BF00BFFEE73F490846D2
:10B7B00000780190FF200A4610700846007800903B
:10B7C0009DF8000000F0F0009DF80020904201D1AB
:10B7D000012000E0002050B900BF502080F3118804
:10B7E000BFF34F8FBFF36F8F00BF00BFFEE79DF821
:10B7F000000000F050002E4A107007202D4A106003
:10B8000009E02C480068401E2A4A10609DF800009C
:10B810004006000E00909DF8000000F08000802897
:10B82000EFD024480068C0F10700042801D10120AE
:10B8300000E0002050B900BF502080F31188BFF312
:10B840004F8FBFF36F8F00BF00BFFEE7194800683E
:10B850000002184A10601046008800F4E060106092
:10B86000124A019810700F482030006840F47000B0
:10B870000C49203108600846006840F070400860BC
:10B88000FFF7F8FC00200C490860F4F711FD0B48A5
:10B89000006840F0404009490860F4F7F5FC0020DA
:10B8A0001CBD000000ED00E071C20F4100E400E0AB
:10B8B000B8000020BC000020B400002034EF00E0FD
:10B8C0002DE9F84380460E4617461D46DDF82090C8
:10B8D000B8F1000F01D0012000E0002050B900BFF6
:10B8E000502080F31188BFF34F8FBFF36F8F00BFDD
:10B8F00000BFFEE70DB1012000E0002050B900BFFD
:10B90000502080F31188BFF34F8FBFF36F8F00BFBC
:10B9100000BFFEE707B10EB1012000E0002050B9E2
:10B9200000BF502080F31188BFF34F8FBFF36F8F9C
:10B9300000BF00BFFEE707B90EB9012000E00020FC
:10B9400050B900BF502080F31188BFF34F8FBFF371
:10B950006F8F00BF00BFFEE7482000900098482886
:10B9600001D1012000E0002050B900BF502080F339
:10B970001188BFF34F8FBFF36F8F00BF00BFFEE78B
:10B9800000BF2C464CB1012084F846004B463A4695
:10B99000314640460094FEF765FB2046BDE8F8833B
:10B9A00070B505460E462C4654B900BF502080F3B2
:10B9B0001188BFF34F8FBFF36F8F00BF00BFFEE74B
:10B9C000FFF7BEFBD4E90F12206801FB0200A06064
:10B9D0000020A06320686060E06B401E226C21683C
:10B9E00000FB0211E160FF2084F8440084F8450068
:10B9F0009EB9206908B9012000E00020A8B904F12F
:10BA0000100000F013FC80B14FF08050094908602D
:10BA1000BFF34F8FBFF36F8F07E004F11000FFF704
:10BA200059FB04F12400FFF755FBFFF7B3FB01209E
:10BA300070BD000004ED00E02DE9FF4383B0064631
:10BA400088461D464FF00009344654B900BF5020C7
:10BA500080F31188BFF34F8FBFF36F8F00BF00BF1C
:10BA6000FEE7B8F1000F01D1206C08B9012000E019
:10BA7000002050B900BF502080F31188BFF34F8FD2
:10BA8000BFF36F8F00BF00BFFEE7022D02D1E06B56
:10BA9000012801D1012000E0002050B900BF502052
:10BAA00080F31188BFF34F8FBFF36F8F00BF00BFCC
:10BAB000FEE700F09DFA08B9059808B9012000E0FA
:10BAC000002050B900BF502080F31188BFF34F8F82
:10BAD000BFF36F8F00BF00BFFEE700BFFFF730FB73
:10BAE000A06BE16B884201D3022D28D12A46414642
:10BAF0002046FEF7EAF90746606A08B9012000E02F
:10BB0000002068B904F1240000F090FB88B14FF0E8
:10BB1000805032490860BFF34F8FBFF36F8F08E04A
:10BB20003FB14FF080502D490860BFF34F8FBFF3F6
:10BB30006F8FFFF72FFB012007B0BDE8F08305985A
:10BB400018B9FFF727FB0020F6E7B9F1000F04D181
:10BB500001A8FFF7C3FC4FF00109FFF71BFBFFF73C
:10BB600067FDFFF7EDFA94F94400401C10B900207E
:10BB700084F8440094F94500401C10B9002084F872
:10BB80004500FFF707FB05A901A800F05BF9F0B934
:10BB90002046FEF776FBA0B104F110000599FFF7EF
:10BBA000AFFC2046FEF73BFD00F08CFB002895D152
:10BBB0004FF0805009490860BFF34F8FBFF36F8F7C
:10BBC0008CE72046FEF72BFD00F07CFB86E7204645
:10BBD000FEF725FD00F076FB0020ADE704ED00E068
:10BBE0002DE9F84F07468A4690461E463C4654B912
:10BBF00000BF502080F31188BFF34F8FBFF36F8FCA
:10BC000000BF00BFFEE7BAF1000F01D1206C08B9F8
:10BC1000012000E0002050B900BF502080F31188BF
:10BC2000BFF34F8FBFF36F8F00BF00BFFEE7022E41
:10BC300002D1E06B012801D1012000E0002050B9C1
:10BC400000BF502080F31188BFF34F8FBFF36F8F79
:10BC500000BF00BFFEE7FFF721FB00BF5021EFF35D
:10BC6000118081F31188BFF34F8FBFF36F8F00BF37
:10BC70000546A06BE16B884201D3022E25D194F9D1
:10BC800045B0A06B0090324651462046FEF71DF9A4
:10BC90000BF1010088B9606A08B9012000E00020BA
:10BCA00050B904F1240000F0C1FA28B1B8F1000F36
:10BCB00002D00120C8F8000004E00BF1010040B2FE
:10BCC00084F845004FF0010901E04FF0000900BF82
:10BCD00085F3118800BF4846BDE8F88F2DE9F7418C
:10BCE00083B005460E464FF000082C4654B900BFFD
:10BCF000502080F31188BFF34F8FBFF36F8F00BFC9
:10BD000000BFFEE70EB9206C08B9012000E000205A
:10BD100050B900BF502080F31188BFF34F8FBFF39D
:10BD20006F8F00BF00BFFEE700F062F908B9059809
:10BD300008B9012000E0002050B900BF502080F376
:10BD40001188BFF34F8FBFF36F8F00BF00BFFEE7B7
:10BD500000BFFFF7F5F9A76BF7B131462046FEF7B4
:10BD60009FF8781EA063206908B9012000E0002038
:10BD700060B904F1100000F059FA38B14FF080506A
:10BD80002F490860BFF34F8FBFF36F8FFFF702FAA1
:10BD9000012006B0BDE8F081059818B9FFF7FAF95F
:10BDA0000020F6E7B8F1000F04D101A8FFF796FBD9
:10BDB0004FF00108FFF7EEF9FFF73AFCFFF7C0F983
:10BDC00094F94400401C10B9002084F8440094F910
:10BDD0004500401C10B9002084F84500FFF7DAF94F
:10BDE00005A901A800F02EF8F0B92046FEF73CFAAC
:10BDF000A0B104F124000599FFF782FB2046FEF76D
:10BE00000EFC00F05FFA0028A3D14FF080500C49DF
:10BE10000860BFF34F8FBFF36F8F9AE72046FEF79E
:10BE2000FEFB00F04FFA94E72046FEF7F8FB00F027
:10BE300049FA2046FEF718FA00288AD00020A8E721
:10BE400004ED00E070B505460C4655B900BF502022
:10BE500080F31188BFF34F8FBFF36F8F00BF00BF18
:10BE6000FEE754B900BF502080F31188BFF34F8F15
:10BE7000BFF36F8F00BF00BFFEE7FFF761F9124805
:10BE800002686868131A2068401C08B9002617E089
:10BE90000E4928680968884204D06868904201D831
:10BEA00001260DE02068984207D92068C01A20605A
:10BEB0002846FFF713FB002602E000202060012641
:10BEC000FFF768F9304670BD580000206C00002074
:10BED0002DE9FF4F85B0804689461746DDE912AB54
:10BEE000B800FEF7DBFB064656B15420FEF7D6FB42
:10BEF00004460CB1266304E03046FFF769F900E020
:10BF000000248CB1002084F85100CDE900ABCDE9CC
:10BF100002403A4649464046089BFEF7B6F820469E
:10BF2000FDF706FF012501E04FF0FF35284609B077
:10BF3000BDE8F08F2DE9F04F85B007468846914661
:10BF40009A46DDE90EB6109C0EB1012000E00020FB
:10BF500050B900BF502080F31188BFF34F8FBFF35B
:10BF60006F8F00BF00BFFEE70CB1012000E0002092
:10BF700050B900BF502080F31188BFF34F8FBFF33B
:10BF80006F8F00BF00BFFEE7542003900398542832
:10BF900001D1012000E0002050B900BF502080F303
:10BFA0001188BFF34F8FBFF36F8F00BF00BFFEE755
:10BFB00000BFB4B1AEB125462C462E63022085F8F1
:10BFC0005100002004A953464A46CDE900B1CDE90D
:10BFD000025041463846FEF758F82846FDF7A8FEBD
:10BFE00001E000200490049805B0BDE8F08F000047
:10BFF0000549096809B9012005E00449096809B93A
:10C00000022000E000207047600000207C0000203B
:10C010000149086870470000580000202DE9F041F0
:10C020004FF000084448006800287CD1434800686D
:10C03000451C4248056015BB41480068006808B9C6
:10C04000012000E0002050B900BF502080F311888B
:10C05000BFF34F8FBFF36F8F00BF00BFFEE73848BD
:10C06000076838480068364908603648076036482F
:10C070000068401C34490860FEF722FA00BF3348CC
:10C08000006885423CD300BF2D480068006808B9AD
:10C09000012000E0002020B14FF0FF302B49086064
:10C0A0002DE027480068C068C4686668B54202D2BF
:10C0B0002648066023E0201DFEF7E0FFA06A18B1C5
:10C0C00004F11800FEF7DAFF94F82C1001208840E4
:10C0D0001F49096808431E490860E16A01EB8101B4
:10C0E0001C4A02EB8100211DFFF71EF81A49E06A85
:10C0F0000968C96A8842C7D34FF00108C4E700BF86
:10C1000015480068C06A00EB8000124951F8200011
:10C11000012801D94FF001081048006808B14FF01C
:10C12000010805E0FFE70E480068401C0C49086064
:10C130004046BDE8F08100007C000020580000204F
:10C14000480000204C0000206C00002074000020FB
:10C150005C0000202C0D002044000020680000201E
:10C160006400002070B505462C460026002D55D0F1
:10C170002B480068844201D1012000E0002050B922
:10C1800000BF502080F31188BFF34F8FBFF36F8F34
:10C1900000BF00BFFEE7A06C50B900BF502080F385
:10C1A0001188BFF34F8FBFF36F8F00BF00BFFEE753
:10C1B000A06C401EA064616CE06A88422ED0A06C26
:10C1C00060BB201DFEF75AFF78B9E06A00EB8000E3
:10C1D000144951F8200040B994F82C1001208840EF
:10C1E00011490968814310480160606CE062E06AAF
:10C1F000C0F10700A06194F82C10012088400A4982
:10C200000968084308490860E16A01EB8101054AB1
:10C2100002EB8100211DFEF787FF0126304670BD2D
:10C22000440000202C0D00205C00002070B5064664
:10C23000F068C46854B900BF502080F31188BFF380
:10C240004F8FBFF36F8F00BF00BFFEE704F11800F0
:10C25000FEF714FF15480068A8B9201DFEF70EFF71
:10C2600094F82C10012088401149096808431049AE
:10C270000860E16A01EB81010E4A02EB8100211D99
:10C28000FEF752FF04E004F118010B48FEF74CFFE3
:10C290000A49E06A0968C96A884204D9012501206F
:10C2A0000749086000E00025284670BD7C0000209A
:10C2B0005C0000202C0D0020E00D00204400002038
:10C2C0006800002070B5002400263648006850B988
:10C2D00000BF502080F31188BFF34F8FBFF36F8FE3
:10C2E00000BF00BFFEE7FEF72BFF2E480068401E90
:10C2F0002C4908600846006800284FD12A48006889
:10C3000000284BD024E02948C068C46804F1180014
:10C31000FEF7B4FE201DFEF7B1FE94F82C100120AC
:10C32000884023490968084321490860E16A01EB14
:10C330008101204A02EB8100211DFEF7F5FE1E4916
:10C34000E06A0968C96A884202D301201B49086073
:10C350001648006808B9012000E000200028D2D06B
:10C360000CB1FEF7ADF81648056865B100BFFFF7E0
:10C3700055FE10B10120114908606D1E002DF6D147
:10C3800000200F4908600D48006838B101263007C9
:10C390000C490860BFF34F8FBFF36F8FFEF7FAFEB3
:10C3A000304670BD7C00002054000020E00D0020CD
:10C3B0005C0000202C0D00204400002068000020BC
:10C3C0006400002004ED00E010B586B00024FDF705
:10C3D00009FD16480068D0B100200590049003AA1A
:10C3E00004A905A8FEF76AFE0622DDE90410002371
:10C3F000CDE9002102900EA10F48039AFFF79AFDA4
:10C400000E4908600846006800B1012400BF54B915
:10C4100000BF502080F31188BFF34F8FBFF36F8FA1
:10C4200000BF00BFFEE7204606B010BD8800002018
:10C43000546D72205376630005A600088C0000201E
:10C440002DE9FE4304460D4616461F46DDF82880BA
:10C450004FF0000954B900BF502080F31188BFF39A
:10C460004F8FBFF36F8F00BF00BFFEE71448006817
:10C4700010B3009501960294062D15DAFFF7B8FD6A
:10C48000022808D10023424669460D480068FFF79C
:10C49000D3FA814610E000231A466946084800682E
:10C4A000FFF7CAFA814607E000233A466946044886
:10C4B0000068FFF795FB81464846BDE8FE83000013
:10C4C00088000020B0F90010B1F5B47F04DDB0F9A8
:10C4D0000010A1F5B47101E0B0F9001009B20180BB
:10C4E000B0F90010002904DAB0F9001001F5B471B8
:10C4F00001E0B0F9001009B20180704781F00041FD
:10C50000704780F00040704721F00041704720F0F4
:10C510000040704721F00042A2F16052B2F5801F46
:10C5200001F0004328BFD2F17E6C51D9F1EE10CA60
:10C530001CF4400F14D15FEAC00C43EAC20202EBC4
:10C54000507008BF70475FEA4C0C40F10000DFF804
:10C5500080C241F0998128BF20F0010001F094B918
:10C56000C30001F0004343EAC20202EB507008BF6F
:10C5700070471B4248BF4FEA4C0C1CF4000F08BF29
:10C58000401CDFF84CC201F07FB9C30001F000434A
:10C5900043EAC20202EB507204BF104670471B42CE
:10C5A00048BF4FEA4C0C1CF4000FDFF824C218BF40
:10C5B000104641F0698108BF521C12F4000F08BFF9
:10C5C000104601F0618121F0004201F0004330E0AB
:10C5D00050EA410C04BF084670475FEA125CBCF1A8
:10C5E000FE0F1ED1F1EE10CA1CF4400FCDD15FEA50
:10C5F000C00C9BD05FEA001C4FEAC20C4CEB507C95
:10C6000004BFC2002CEAD27C1CF4000F04BF4CEA29
:10C610000300DFF8BCC101F0378121F00042A2F134
:10C620006052B2F5801F4FEA410C2ADB1CF5001F57
:10C6300016D2F1EE10CA1CF4806F06D02CF0005C0C
:10C640004CF0805CA1F140612AE04FF07F40DFF8C0
:10C6500084C143EA500001F017B9084601F014BB49
:10C6600070B500F019FD00BF000000B9880000049B
:10C67000FFF7F3BF21F0704243EA507040EAC20076
:10C680007047F1EE10CA2CF0805C4CF0005C1CF49A
:10C69000006F25D04B00B3F5001F51D301F140616D
:10C6A0001CF4400F40F07E800CF0405CC3004CF066
:10C6B000880C11D05CF0404C10F0805F0CD0034629
:10C6C00010F1005041F10001020108BF20F00050BC
:10C6D000834218BF2CF0004C00F0604001F0D0BB4A
:10C6E0001CF4400F1AD01B4248BF4FEA4C0C1CF4FC
:10C6F000000F13D112F1406248BF22F07F424FEA8F
:10C70000C00CBCF1010F43EAC20242EB50704FF083
:10C71000880228BF42F0804201F0BBBA12F14062A9
:10C7200048BF22F07F425FEAC00C43EAC20242EAFD
:10C7300050704FF0880218BF42F0404201F0A9BA91
:10C7400001F0004321F00041094214D0B1FA81FC0C
:10C75000ACF10B0CCCF1200201FA0CF120FA02F240
:10C7600041EA02014FEA0C5200FA0CF0A1EB02017F
:10C7700081EA03010FE0B0FA80F200FA02F002F160
:10C7800015024FEAD0214FEA0252A1EB02014FEA13
:10C79000405081EA0301F1EE10CA2CF0805C4CF0AD
:10C7A000005C7BE762460CF0405CC3004CF0880CF8
:10C7B00092D05CF0404C094248BF520012F4000F86
:10C7C0008AD110F1005041F100012CF0004C83D1CE
:10C7D000880000408800001010B5DFF840E211F535
:10C7E000801C13F580141EEA4C0F18BF1EEA440F7C
:10C7F00000F0C88091EA030F48BF83F0004300F1C6
:10C800004C86841A71EB030C05D2121943EB0C030E
:10C81000001B61EB0C014FEA1154A4EB135C23EAFB
:10C820006E0321EA045143F48013DCF1200E53D34C
:10C8300022FA0CFE10EB0E0023FA0CFE41EB0E0167
:10C84000CCF1200E03FA0EFE10EB0E0051F10001A8
:10C85000B1F5801FCCF1200E53D201EB045112FA36
:10C860000EF2BDE8104008BF7047F1EE10CA1CF48C
:10C87000400F1ED14FF0110C92F0000F4CF0804C85
:10C8800041F10280401C38BF5FEA420240F0FC8761
:10C89000002814BF20F0010041F100014FEA4103DC
:10C8A00013F5001F24BF4CF0805CA1F1C04100F0E3
:10C8B000EBBF11F0004F54BF1CF4000F1CF4800FAD
:10C8C0004FF0110C4CF0804C40F0DE87401CC0F063
:10C8D000DB8741F10001E1E7012A43EB0302ACF100
:10C8E000200CDCF11F0E32BF4FF0000E23FA0CF3C8
:10C8F00010EB030041EB0451B4EB115FAFD0A1EB9F
:10C90000045101F5801149085FEA300002FA0EF285
:10C9100042EA420201EB04515FEA320213D0BDE861
:10C920001040F1EE10CA1CF4400F1AD14FF0110C58
:10C9300092F0000F4CF0804CB0D5401C38BF5FEA3D
:10C940004202ABD1A4E7BDE810404FEA410313F522
:10C95000001F38BF7047DFF8C8C0A1F1C04100F028
:10C9600093BF11F0004F54BF1CF4000F1CF4800F54
:10C970004FF0110C4CF0804C90D1401C8ED341F103
:10C9800000018BE74EF4001E3EEA410418BF3EEA68
:10C99000430439D091EA030F48BF83F0004300F10C
:10C9A0007786841A71EB030C05D2121943EB0C0342
:10C9B000001B61EB0C0152EA430E4FEA1154A4EB49
:10C9C000135C13D05FEA445E21EA04511CBF23F0DC
:10C9D0000043ACF1010C7FF428AFBDE810404FF0EC
:10C9E000110C801841EB030100F039BE5FEA445E90
:10C9F000BDE8104018BF704750EA410C08BF7047AF
:10CA00004FF0110C00F02BBEBDE8104070B500F0E7
:10CA100043FB00BF64FBBE3E110000040000C0FFEA
:10CA2000110000102DE9C04130B4DFF864C33CEAC6
:10CA3000111418BF3CEA131400F04B8181EA03057E
:10CA40001CEA111444EAD57418BF1CEA131500F04F
:10CA50001D81A4EB05044FF0004545EAC12145EADC
:10CA6000C32341EA505143EA525304F17F7499427F
:10CA700004F500344FEAC0204FEAC22208BF9042BA
:10CA800000F0D0804FEA13650FF20426765D4FEA7E
:10CA9000134506FB05F7C7F1807706FB07F74FEA5A
:10CAA000D737A7FB03687642C8F58038A7FB06CEC8
:10CAB00038BFA8F1010807FB08E64FF0000EA6FBFF
:10CAC000028CE6FB03CEDCF1000CCEF1004E38BF49
:10CAD000AEF1010EA6FB0C584FF000074FF0000519
:10CAE000E6FB0E87A1FB08C6A0FB07CE16EB0E06E1
:10CAF00045F10005E1FB076515F1E04E7EBFA4F5A9
:10CB000080345FEA46066D4116F18007F1EE10CAE7
:10CB100045F100054FEA172747EA05671CF4400F67
:10CB20004FEA152536D14FEA4666A6F15E46B6F1C4
:10CB3000085F2FD9B4F1FE6F2CD8384624F0010CD1
:10CB400005EBC471BCF1FE6F01EB0C11DFF844C2C0
:10CB500002D8F0BCBDE8004140F2968624425CBF9A
:10CB600001F5801E9EEAC47F02D4F0BCBDE80041FE
:10CB700040F18A86244277D4DFF81CC256EA080EB8
:10CB8000A1F1C04118BF4CF0804CF0BCBDE80041A1
:10CB900000F07ABE4FEAD22242EA43524FEAD32350
:10CBA000A7FB02864FEAD02040EA415007FB03660C
:10CBB0001EEA0E0F4FEAD12105FB026658BFA6EB15
:10CBC0000056B6EB00564FEA520E4EEAC37E18EB03
:10CBD0000E0E56EB530E05D518EB02085E417F1C76
:10CBE00055F1000556EA080E24D01CF4400FA4D0DD
:10CBF00014F0010F18BF4FEA4C0C1CF4000F08D0C2
:10CC000036429AD4B8EB02089E417F1E75F10005AA
:10CC100093E7364291D518EB02085E417F1C55F12F
:10CC200000058AE74FF480154FF000074FF000062B
:10CC30004FF0000824F0010C384605EBC471BCF13C
:10CC4000FE6F01EB0C1102D8F0BCBDE800811CEABC
:10CC50000C0F5CBF01F5801E9EEAC47F02D4F0BCBD
:10CC6000BDE80081244287D556EA080C01F1C04195
:10CC70001CBF06F0004C4CF0804C4CF0005CF0BC4B
:10CC80004CF0140CBDE8004100F040BD50EA410EEC
:10CC90000CEA13150BD052EA430E13D000F07DFAC4
:10CCA000641B86EA4606240444EAD674D3E652EAB4
:10CCB000430E00F02680F0BC81EA030101F0004140
:10CCC000BDE80081F0BCBDE80041DFF8D0C000F055
:10CCD000DBBDF0BCBDE8004170B500F0DDF900BF80
:10CCE000097EFC3E1400000400F007B881EA03014D
:10CCF0004FF0000001F00041704781EA030100F0AD
:10CD000084BAF0BCBDE800415FF828C000F0BCBDAB
:10CD1000FFFDFBF9F7F5F4F2F0EEEDEBE9E8E6E400
:10CD2000E3E1E0DEDDDBDAD8D7D5D4D3D1D0CFCD87
:10CD3000CCCBCAC8C7C6C5C4C2C1C0BFBEBDBCBBC0
:10CD4000BAB9B8B7B6B5B4B3B2B1B0AFAEADACABBB
:10CD5000AAA9A8A8A7A6A5A4A3A3A2A1A09F9F9E95
:10CD60009D9C9C9B9A999998979796959594939347
:10CD7000929191908F8F8E8E8D8C8C8B8B8A8989DE
:10CD80008888878786858584848383828281818061
:10CD90000000FF07140000401400001014000008F9
:10CDA0004FEA410380B54FEA5353A3F58063D3F1B3
:10CDB0001E03C8BFD3F1210C1FDD4FF0004242EA31
:10CDC000C12242EA505232FA03FC62FA03F787EAC0
:10CDD0000C0757EAC0270BD032FA03FC8CEAE17C3F
:10CDE000ACEBE170BDE88040DFF874C000F04CBDF2
:10CDF0008CEAE17CACEBE17080BD50EA410C00D1E3
:10CE000080BD102B07DD4FF00000BDE88040DFF84B
:10CE100050C000F039BD03F5787CBCF1FF3F14D061
:10CE2000002B02BF7FEA210C5FEA013C5FEA505C05
:10CE300005D100284FF00040D4D100D180BDBDE81D
:10CE40008040DFF820C000F01FBDBDE8804070B515
:10CE500000F022F9000000BFC800030480B5DFE73E
:10CE6000C8000240C800020410F0004248BF40421F
:10CE7000B0FA80F310FA03F10AD0C3F11D0303F5F1
:10CE800080634FEA415002EB035202EBD12170471D
:10CE90004FF000007047B1FA81F201FA02F1C2F1DD
:10CEA0001D024FEA415003EB025303EBD1217047BF
:10CEB000B0FA80F310FA03F10AD0C3F11D0303F5B1
:10CEC00080634FEA41504FEA035202EBD121704791
:10CED0004FF0000070470000DFF8B4C170B51CEAE5
:10CEE000111E1EBF1CEA13159EEA0C0F95EA0C0FCB
:10CEF00000F0948081EA030421EA4C114EEAD47ECA
:10CF000023EA4C13AE4441F4801143F48013A1FB97
:10CF1000024CA0FB0365AEF17F7E361955EB0C0584
:10CF2000A1FB034C4CF10003A0FB021C16EB0C060A
:10CF3000654153F10003094218BF46F0010613F49E
:10CF4000007F0BD14FEA03314FEA0530340341EA49
:10CF5000155140EA16506FF003020AE04FEAC32170
:10CF60004FEAC520F40241EA555140EA56506FF0AD
:10CF70000202264602EB2E4201EB025585EACE71F3
:10CF800027D0F1EE10CA05461CF4400C14D15FEA1C
:10CF9000440C18BF24F0004450F1000041F100019E
:10CFA00020EAD47040F2FD7C624517D2BDE87040A3
:10CFB000DFF8E0C000F068BC5FEACE7454BF1CF438
:10CFC000000F1CF4800F08BF10F1010041F10001B7
:10CFD000E8E740F2FE7C624504D270BD08BF11F460
:10CFE000801FE3D0A84214BF4FF080444FF040446C
:10CFF000002E08BF0024BEF1806FD8BF01F1C041F0
:10D00000A8BFA1F1C04144F0130CA8BF4CF0805C54
:10D01000BDE8704040F37A8300F036BC9EEA0C0F06
:10D020000CEA131518BF95EA0C0F19D091EA030FFB
:10D0300048BF4EF0010E50EA410418BF52EA4304C3
:10D0400009D000F0AAF8641986EA46064FEA044EB1
:10D050004EEAD67E5BE74FEACE714FF0000070BD1E
:10D0600000F01AF88900013E1300000400F005B832
:10D0700000F007B852EA430C06D081EA030100F041
:10D08000C4B850EA410CF8D15FF824C000F0FCBBF2
:10D090000000FF07130000400EF1020E2EF0030EF9
:10D0A00001285EF8086B41EB010414F5001418BF69
:10D0B000B4F5801F23D3364208D4012A43EB03057D
:10D0C00015F5001518BFB5F5801F18D301EB010C3D
:10D0D0001CF5801F16D2364204D403EB030C1CF55A
:10D0E000801F0FD2002C10D14FEAD17C002D0CEB09
:10D0F0004C0C0CF1020C08BF4CEBD37C07E04FF05A
:10D10000090C04E04FF0080C01E04FEAD37C0CEB73
:10D110004C0526FA05F606F00706B6F1040C06D211
:10D120000EEB860CBDE870404CF0010C6047DFE868
:10D130000CF0222413025EF804CC1B2D08D1002C25
:10D1400088BFB4F5801F34BF4CF4804C4CF4004CC5
:10D15000BDE8704000F098BB002C88BFB4F5001FFC
:10D1600024BF1946104670BD4FF000004FF000413B
:10D17000A1F5002170BD19461046012851EB0104AC
:10D1800018BFD4F5001484BF5EF804CC2CF0806C7A
:10D19000BDE8704000F25783704780B54FF003063A
:10D1A0005C004FEA03334FEA3606640D4FEA13334F
:10D1B00018BF43F480131CD153EA125E04F101043A
:10D1C00002BF13460022203C1B4202BF130B120574
:10D1D000143CB3FA83FEAEF10B0ECEF1200C03FA31
:10D1E0000EF322FA0CFC02FA0EF2A4EB0E0443EA50
:10D1F0000C030FB416F0010F0CBC03BC18BF25467E
:10D20000CED180BD80B50126F3E70808A0F5001156
:10D210004FEA31017047000010B5DFF848E011F522
:10D22000801C13F580141EEA4C0F18BF1EEA440F31
:10D2300009D091EA030F81F000413FF5E2AA83F0A3
:10D24000004300F02AB981EA030180EA020083EA80
:10D25000010382EA000281EA030180EA020000F091
:10D2600008BA00BF0000C0FF2DE9F04101F5801CA5
:10D27000BCF5001FC0F2DC804FEA115C21EA0C51C2
:10D2800041F480110CF1FD0C5FEA5C0C0CF5C07CE4
:10D2900001D34000494135A4890241EA90518702F7
:10D2A0008E0E0A0CA45D04FB04F602FB06F6C6F122
:10D2B0004046A4FB0662F60D46EA422606FB06F44B
:10D2C000A4FB01235242C3F1404338BF5B1EA6FBBF
:10D2D00002420024E6FB0324D20B42EA4446A6FBAA
:10D2E0000623A1FB02E2A3FB07E4E3FB61426442E5
:10D2F000C2F1404E38BFAEF1010EA6FB04234FF041
:10D300000002E6FB0E32A2FB03463400E2FB62643D
:10D31000A1FB06E6A4FB07E8E4FB61687642C8F1DE
:10D32000405838BFA8F10108A2FB06E4A3FB08E5BA
:10D33000E2FB6854A1FB05E6A7FB04E8E1FB648679
:10D3400018F12005F1EE104A56F10006A809B109BE
:10D3500014F4400F40EA866028D1A8F11B0808F0B9
:10D360001F08B8F10A0F21D9BDE8F04101EB0C51BB
:10D370004FF0170C4CF0804C00F086BAFCF5EEE84C
:10D38000E2DDD8D3CFCBC7C3C0BDB9B6B4B1AEAC64
:10D39000A9A7A5A3A19F9D9B9A9896959392908FDC
:10D3A0008D8C8B898887868584838281A0FB006829
:10D3B00000FB01F208EB4208B8EB872858EA0602A6
:10D3C00015D014F4400F16D118EA080F07D53418F9
:10D3D00058EB0104C8D5401C51F10001C4E7341AD0
:10D3E00078EB0104C0D4401E71F10001BCE701EBF1
:10D3F0000C51BDE8F08114F4000F0CD118EA080FAD
:10D40000B2D5361858EB0108401C51F1000136180E
:10D4100058EB0108F2E718EA080FA5D4361A78EBA2
:10D420000108401E71F10001361A78EB0108F2E79D
:10D430005FEA4C0C5FEA9C5C14D10AD350EA013CD1
:10D4400001D1BDE8F08109420CD4FFF7DBFEA44610
:10D4500018E7BDE8F04170B5FFF71EFE6DDBFFBEBB
:10D4600017000004BDE8F0415FF80CC000F00CBAF2
:10D4700010B5DFF894E211F5801C13F580141EEA54
:10D480004C0F18BF1EEA440F00F0F38091EA030F1F
:10D4900048BF83F000433FF5B4A9841A71EB030C35
:10D4A00007D212198CF0004C43EB0C03001B61EB0C
:10D4B0000C0152424FEA1154A4EB135C23EAAE0371
:10D4C00021EA0451C3EBAE0338BF5B1EDCF1200E32
:10D4D00048D322FA0CFE10EB0E0043FA0CFE41EB8F
:10D4E0000E01CCF1200E03FA0EFE10EB0E0051F1EE
:10D4F0000001CCF1200E4CD412FA0EF201EB0451D3
:10D50000BDE8104008BF7047F1EE10CA1CF4400F90
:10D5100014D14FF0120C92F0000F4CF0804C40F1FF
:10D52000B381401C18BFB2F1004F40F0AD8100281C
:10D530000CBF491C20F0010000F0A6B911F0004F0B
:10D5400054BF1CF4000F1CF4800F4FF0120C4CF071
:10D55000804C40F09981401C40F0968141F10001DF
:10D5600000F092B912EB020E43EB030218BF4FF02A
:10D57000010E4EEA4202ACF1200CDCF11E0E4BD93A
:10D5800043FA0CFE10EB0E0051F1FF31CCF11E0EF0
:10D59000B2D50EF1010E12FA0EFE404141EB01012F
:10D5A00001EB445C5FEA5C5C06D95FEA0E0201EBCA
:10D5B0000451BDE81040A5E73BD24FEAD42C11F549
:10D5C000001124F400641AD0B1FA81F20B3AA41AC3
:10D5D000A41ED2F12003914030FA03F31943904086
:10D5E00001EBCC71002C01EB0451BDE81040A8BF49
:10D5F000704701F1C0414FF0120C00F087B8B0FA4B
:10D6000080F310FA03F101D1BDE8104019D0E41AFB
:10D61000173C4805C90AE3E701EB0451BDE8104097
:10D62000401E61F100015FF0FF326BE701EB045136
:10D6300010BD491001EB0451BDE810404FEA300025
:10D640000BE0F1EE10CA4FF000010CF4400CBCF5F9
:10D65000000F08BF4FF0004170474FF0120C4A0016
:10D6600008BF0042EDD0B2F5001F28BF704700F0A0
:10D67000EAB84EF4001E3EEA410418BF3EEA4304F5
:10D6800034D091EA030F48BF83F000433FF589A9E6
:10D69000841A71EB030C07D212198CF0004C43EB87
:10D6A0000C03001B61EB0C0152EA033E4FEA1154DC
:10D6B000A4EB135C14D05FEA445E21EA045109D064
:10D6C00023F000435242ACF1010CC3F1000338BF18
:10D6D0005B1EFBE6BDE81040801A61EB0301BCE76E
:10D6E000BDE8104050EA410CB7D1AAE7BDE81040B0
:10D6F00070B5FFF7D1FC00BF40DFF63E110000041B
:10D7000083F00041104670470000C0FFF1EE103A70
:10D7100013F0807F1EBF01F000410020704713F41A
:10D72000006F40F0AA80094248BF4CF4803C4FF49F
:10D73000C0634FEA115203F1010321EA025122F4BE
:10D7400000629A1A48BF6FF0FE0241F48011352A38
:10D750003CD830D0152A1ED3203A0CD90028C2F16B
:10D76000200321FA02F001FA03F218BF42F001028D
:10D770004FF0000130E0C2F1000302F1200201FA93
:10D7800003F120FA02F241EA020100FA03F208462C
:10D790004FF0000120E0C2F1200310B400FA03F4BE
:10D7A00001FA03F320FA02F021FA02F1224610BC3A
:10D7B00043EA000010E050EA01324FF000004FF061
:10D7C00000014FF0004218BF521C05E04FF001026B
:10D7D0004FF000014FF000001CF4803F2CF4803C1F
:10D7E00018BF41F0004112421ED0F1EE103A13F47E
:10D7F000400F20D1520003D30CD0401C41F1000156
:10D80000F1EE103A4CF0804C43F00803E1EE103A90
:10D8100000F03AB85FEAAC72EFD4F1D1401C41F1AC
:10D82000000120F00100EBE71CF0804F08BF7047BB
:10D830002CF0004CE4E7094254BF13F4000F13F43A
:10D84000800FDDD1D9E7F1EE103A13F0807F1EBFD3
:10D8500001F000410020704713F4006F08BF7047CB
:10D860002DE9F050FFF7CEFC04F5C064A4F10104EB
:10D87000314301EB0451BDE8F0504CF0005C4CF03A
:10D88000800C00F0FDBA00001CF0700F08BF0A46C3
:10D890000FB4F1EE101A0CF0405030EA814318BF7B
:10D8A0004CF0804C4FEA4C0310EA814F4FEAD363AF
:10D8B00023EA112318BF23F0100341EA030101F00A
:10D8C000E073E1EE101A4CEA030C0CF00F030A2B84
:10D8D0001DBF082B0CF070034CEAC30C4FF400334F
:10D8E00004BF33EA0C034CF4400C1CF0005F14D16D
:10D8F0001CF0805F0BD11CF0804F31D11CF0006F09
:10D9000012D111F4807F0FBC62D000F0B9BA11F4CB
:10D91000806F0FBC2BD000F0B3BA11F4006F0FBCB6
:10D9200008BF704700F0ACBA11F4007F0FBC40F0A4
:10D93000A7821CF0400F1EBF4FF0004040F00100D6
:10D9400070471CF0100F14BF81EA030242400CF034
:10D950000F000A2808BF4FF0FF324FF0000326E007
:10D9600011F4805F0FBC08BF704700F089BAF1EE78
:10D97000103A2CF0805C1CF0800F14BF01F00042C4
:10D9800000F0004212420CBF12EA336F12EAF35F5A
:10D990000DD31CF0100F1DBF30A003C81143314838
:10D9A00008BF104313F4805F40F06A8270471CF098
:10D9B000100F02F000421DBF0FF2940003C8114384
:10D9C000254808BF104313F4805F40F05982704728
:10D9D0001CF0400F40F028801CF4404F1BD01CF47A
:10D9E000004F1CBF194610460CF4807218BF8CEA19
:10D9F000520C1CF0800F0CBF40F4800041F4002159
:10DA00008CEADC0313F0100F1CBF2CF00F0C4CF051
:10DA1000080C00F0DCB91CF0100F1ABF12A393E839
:10DA20000300134800F0D3B91CF0800F14BF01F0BD
:10DA3000004200F000421CF0100F1BBF0AA393E845
:10DA400003000B48114308BF104300F0C0B900BFEA
:10DA5000000000000000F07F0000807FFFFFFFFF5C
:10DA6000FFFFEF7FFFFF7F7F000000000000F87FD7
:10DA70000000C07F43004FEAD30C4FEA3C0C434008
:10DA80001FBF40070CF1605113F0FE4F70471CF0B0
:10DA9000006F14D133F0004004BF1946704783EA89
:10DAA000830383EA430303F0070343EACC010CF04A
:10DAB000004303F15A5303F54013FFF7ECB90CF0A0
:10DAC000004343EA507010B540EACC0000F05EF825
:10DAD000000000BA180000044FEA0001FFF795BBF0
:10DAE0004FEAE0024FEA407042F0E04170474FF0E9
:10DAF0007E5209E011F0004204D54042C1F100011C
:10DB000038BF491E42F07E520B0002F1706212BF14
:10DB100020235FEA00017047B1FA81FCA3EB0C03FC
:10DB200001FA0CF120FA03FC41EA0C01F1EE10CAF3
:10DB300002EBC3521CF4400F10D1C3F1200310FAC2
:10DB400003FC5CEA416C42EB11204FF0804C02D3A5
:10DB500008BF30F001007FF497AE7047C3F1200397
:10DB600010FA03F308BF11F0FF0F02EB112008BFFA
:10DB7000704710F0004F54BF1CF4000F1CF4800FCE
:10DB800008BF401C4FF0804CFFF77EBE0EF1020E26
:10DB90002EF0030E4FEA40025EF8084B12F180723D
:10DBA00018BFB2F5000F22D3244207D44FEA410335
:10DBB00013F1807318BFB3F5000F18D34FEA400C70
:10DBC0001CF5000F16D2244204D44FEA410C1CF578
:10DBD000000F0FD2002A10D14FEAD07C002B0CEBA3
:10DBE0004C0C0CF1020C08BF4CEBD17C07E04FF061
:10DBF000090C04E04FF0080C01E04FEAD17C0CEB7B
:10DC00004C0324FA03F404F00704B4F1040C06D224
:10DC10000EEB840CBDE810404CF0010C6047DFE8CF
:10DC20000CF01F2013025EF804CC1B2B08D1002A35
:10DC300088BFB2F5000F34BF4CF4804C4CF4004C5C
:10DC4000BDE81040FFF720BE002A88BFB2F1807FF8
:10DC500028BF084610BD4FF00040A0F5800010BD61
:10DC60000846420018BFD2F1807284BF5EF8042CCF
:10DC700022F08062BDE8104000F28A8070474FF0C9
:10DC80000000E1EE100A7047FF2141EAD050C005C4
:10DC90007047F1EE101A11F0807F1CBF00F00040B9
:10DCA000704711F4006F40F08E8000F0004343EAAB
:10DCB000D05323F48073C3F1C10323F0004117292B
:10DCC00041D8C3F1200310FA03F1C3F1200320F07F
:10DCD0007F4040F4000020FA03F003F0004340EAE4
:10DCE000030019D00B46F1EE101A41F00801E1EEE5
:10DCF000101A11F4400F1CD1590009D318BF401C51
:10DD000006D17FEAE27398BF401C38BF20F00100C3
:10DD100042F0804CFFF7B8BD12F0804F08BF70474B
:10DD2000F1EE101A944641F00801E1EE101AFFF7E7
:10DD3000ABBD10F0004F14BF5FEAF1535FEA3163EF
:10DD400038BF401CE4E7182903EB912318BF6FF09C
:10DD500000410131F1EE101A41F00801E1EE101A14
:10DD600011F4400F18BF03F00040E2D168BF03F088
:10DD7000004009D6400203F0004000F1010004BF5A
:10DD800012F0004F20F001004FF0804CFFF77CBDF7
:10DD9000F1EE101A11F0807F1CBF00F000407047B8
:10DDA00011F4006F08BF704700F0004120F0004000
:10DDB000B0FA80F3A3F1080341F0C04100FA03F088
:10DDC000A1EBC351084442F0005C00F059B80CF0DC
:10DDD0000F03092B08BF082000F064800A2B32D003
:10DDE000082B18BF704708BF1CF0400F31D01CF43F
:10DDF000803F23D11CF0200F11D11CF0100F0BBF5E
:10DE000002460A466FF000406FF0004118BF4FF025
:10DE1000FF3012F0004F1CBFC043C94370471CF0D5
:10DE2000100F0CBF02460A4612F0004F4FF0FF30B1
:10DE30004FF0FF311CBFC043C94370474FF0000093
:10DE40004FF0000170471CF0400F18BF4FF000402A
:10DE500070471CF0100F08D020F0704300F07F4294
:10DE600042EAD3014FEA4370704700F0604021F06E
:10DE70007F4242EA000201F07F4040EA7270704740
:10DE80002DE900502DE90050F2F718FCBDE80050D4
:10DE9000BDE800500CF00F0393F0090F18BF704756
:10DEA000AFF300801CF4801F24D01CF4E02F09D0B5
:10DEB00010F0080F02D1D0F1020070476FEACC31A8
:10DEC000490070474FF0604111EA407028BF40F0B0
:10DED0004050F1EE103A23F0704343EA0003E1EEC4
:10DEE000103AEFF3008222F0704242EA000282F31D
:10DEF000008870471CEA004018BF012070470000EE
:10DF000010E8000895AA0008FEFF000000000000CD
:10DF1000800000000000000000000000E8E70008AA
:10DF20001591000800000000000000000001000042
:10DF30000000000000000000F8E70008CD420008E3
:10DF400003000000000000000004000000000000CA
:10DF50000000000004E80008B5940008FFFF00007E
:10DF60000000000080000000000000000000000031
:10DF7000C8E7000821B70008FFFF0000000000000C
:10DF800080000000000000000000000028E80008F9
:10DF90001192000800000000000000008000000056
:10DFA0000000000000000000D4E70008D9AE00081F
:10DFB00000000000000000008000000000000000E1
:10DFC000000000001CE800080D9B0008FEFF000098
:10DFD00000000000800000000000000000000000C1
:10DFE000E0E700083DB00008FEFF00000000000070
:10DFF0008000000000000000000000000006101675
:10E0000000061016000000000000000001020304DA
:10E010000607080900000000010203048A88883C02
:10E020008A88883C8A88883C0000C844CDCCCC3D96
:10E030000000803F1E0028000F000A000A000A00AE
:10E040000A000A000A000A000A000A000A000A0080
:10E050000A000A000A000A000A000A000A000A0070
:10E060000A000A000A000A000A000A000A000C005E
:10E07000640064000500F401F4010D000000FA449E
:10E08000000000000000A0410000A041CDCC4C3EAB
:10E0900000000040006006450000DC420000000077
:10E0A000FF005EBCE2613FDD83C29C7E20A3FD1FBA
:10E0B000419DC3217FFCA2401E5F01E3BD3E608203
:10E0C000DC237D9FC1421CFEA0E1BF5D0380DE3CDE
:10E0D00062BEE0025CDF81633D7C22C09E1D43A1E5
:10E0E000FF4618FAA427799BC584DA3866E5BB5940
:10E0F00007DB856739BAE406581947A5FB7826C4BB
:10E100009A653BD987045AB8E6A7F91B45C6987AA1
:10E1100024F8A6441A99C7257B3A6486D85B05E79C
:10E12000B98CD2306EEDB3510F4E10F2AC2F71930B
:10E13000CD114FADF3702ECC92D38D6F31B2EC0E6A
:10E1400050AFF1134DCE90722C6D33D18F0C52B075
:10E15000EE326C8ED0530DEFB1F0AE4C1291CF2D4C
:10E1600073CA947628ABF517490856B4EA6937D5CF
:10E170008B5709EBB536688AD495CB2977F4AA4832
:10E1800016E9B7550B88D6346A2B7597C94A14F629
:10E19000A8742AC896154BA9F7B6E80A54D7896B14
:10E1A00035000000891112239B322446AD57366595
:10E1B000BF74488CC19D5AAFD3BE6CCAE5DB7EE903
:10E1C000F7F88110080193331A22A5562C47B7752A
:10E1D0003E64C99C408DDBBF52AEEDDA64CBFFF9E3
:10E1E00076E802218B30100299132667AF7634440B
:10E1F000BD554AADC3BC588ED19F6EEBE7FA7CC8C3
:10E20000F5D983310A2091121803A7772E66B554E9
:10E210003C45CBBD42ACD99E508FEFFB66EAFDD8A2
:10E2200074C904428D5316619F702004A9153227CA
:10E23000BB364CCEC5DF5EEDD7FC6888E1997AAB82
:10E24000F3BA85520C4397711E60A1142805B337A9
:10E250003A26CDDE44CFDFFD56ECE9986089FBBB62
:10E2600072AA06638F7214409D512225AB3430068A
:10E27000B9174EEFC7FE5CCCD5DD6AA9E3B8788A42
:10E28000F19B87730E6295501C41A3352A24B11669
:10E290003807CFFF46EEDDDC54CDEBB962A8F99A22
:10E2A000708B088481951AA793B62CC2A5D33EE142
:10E2B000B7F04008C919522BDB3A644EED5F766D1A
:10E2C000FF7C899400859BB712A6ADD224C3BFF111
:10E2D00036E0C1184809D33B5A2AE55E6C4FF77DFA
:10E2E0007E6C0AA583B4188691972EE3A7F23CC0F2
:10E2F000B5D14229CB38500AD91B666FEF7E744CDA
:10E30000FD5D8BB502A499961087AFF326E2BDD0D0
:10E3100034C1C3394A28D11A580BE77F6E6EF55CB9
:10E320007C4D0CC685D71EE597F42880A1913AA3B1
:10E33000B3B2444ACD5B5669DF78600CE91D722F99
:10E34000FB3E8DD604C79FF516E4A9902081BBB390
:10E3500032A2C55A4C4BD7795E68E11C680DF33F79
:10E360007A2E0EE787F61CC495D52AA1A3B0388271
:10E37000B193466BCF7A5448DD59622DEB3C700E59
:10E38000F91F8FF706E69DD414C5ABB122A0B99250
:10E390003083C77B4E6AD5585C49E33D6A2CF11E39
:10E3A000780F005EBCE2613FDD83C29C7E20A3FD4E
:10E3B0001F419DC3217FFCA2401E5F01E3BD3E6063
:10E3C00082DC237D9FC1421CFEA0E1BF5D0380DE95
:10E3D0003C62BEE0025CDF81633D7C22C09E1D4347
:10E3E000A1FF4618FAA427799BC584DA3866E5BBF5
:10E3F0005907DB856739BAE406581947A5FB782623
:10E40000C49A653BD987045AB8E6A7F91B45C69854
:10E410007A24F8A6441A99C7257B3A6486D85B0506
:10E42000E7B98CD2306EEDB3510F4E10F2AC2F71B4
:10E4300093CD114FADF3702ECC92D38D6F31B2ECE2
:10E440000E50AFF1134DCE90722C6D33D18F0C5214
:10E45000B0EE326C8ED0530DEFB1F0AE4C1291CFC6
:10E460002D73CA947628ABF517490856B4EA693774
:10E47000D58B5709EBB536688AD495CB2977F4AAA2
:10E480004816E9B7550B88D6346A2B7597C94A14D4
:10E49000F6A8742AC896154BA9F7B6E80A54D78986
:10E4A0006B350000891112239B322446AD57366527
:10E4B000BF74488CC19D5AAFD3BE6CCAE5DB7EE900
:10E4C000F7F88110080193331A22A5562C47B77527
:10E4D0003E64C99C408DDBBF52AEEDDA64CBFFF9E0
:10E4E00076E802218B30100299132667AF76344408
:10E4F000BD554AADC3BC588ED19F6EEBE7FA7CC8C0
:10E50000F5D983310A2091121803A7772E66B554E6
:10E510003C45CBBD42ACD99E508FEFFB66EAFDD89F
:10E5200074C904428D5316619F702004A9153227C7
:10E53000BB364CCEC5DF5EEDD7FC6888E1997AAB7F
:10E54000F3BA85520C4397711E60A1142805B337A6
:10E550003A26CDDE44CFDFFD56ECE9986089FBBB5F
:10E5600072AA06638F7214409D512225AB34300687
:10E57000B9174EEFC7FE5CCCD5DD6AA9E3B8788A3F
:10E58000F19B87730E6295501C41A3352A24B11666
:10E590003807CFFF46EEDDDC54CDEBB962A8F99A1F
:10E5A000708B088481951AA793B62CC2A5D33EE13F
:10E5B000B7F04008C919522BDB3A644EED5F766D17
:10E5C000FF7C899400859BB712A6ADD224C3BFF10E
:10E5D00036E0C1184809D33B5A2AE55E6C4FF77DF7
:10E5E0007E6C0AA583B4188691972EE3A7F23CC0EF
:10E5F000B5D14229CB38500AD91B666FEF7E744CD7
:10E60000FD5D8BB502A499961087AFF326E2BDD0CD
:10E6100034C1C3394A28D11A580BE77F6E6EF55CB6
:10E620007C4D0CC685D71EE597F42880A1913AA3AE
:10E63000B3B2444ACD5B5669DF78600CE91D722F96
:10E64000FB3E8DD604C79FF516E4A9902081BBB38D
:10E6500032A2C55A4C4BD7795E68E11C680DF33F76
:10E660007A2E0EE787F61CC495D52AA1A3B038826E
:10E67000B193466BCF7A5448DD59622DEB3C700E56
:10E68000F91F8FF706E69DD414C5ABB122A0B9924D
:10E690003083C77B4E6AD5585C49E33D6A2CF11E36
:10E6A000780F0000000000004C5555555555A53F0A
:10E6B0007751C1166CC156BF9015CB19A001FA3E17
:10E6C000AD529C804F7E92BEC4B1B4BD9EEE213E41
:10E6D000D43888BEE9FAA8BD00004054FB21F93FB8
:10E6E0003163621A61B4D03D0000601A61B4D03D5C
:10E6F0007370032E8A19A33B0000002E8A19A33BD6
:10E70000C14920259A837B390000000000000000E9
:10E710006E83F9A22915444ED15727FCC0DD34F58C
:10E72000999562DB4190433CAB6351FE61C5BBDE12
:10E730003A6E24B7E0D24D42EA2E49061C92D10926
:10E740001CEB1DFE3EA729B1F53582E88444BB2EA3
:10E7500026709CE9417E5FB439D69139F4395383F0
:10E760008B5F849C3B28F9BDFF97F81F0F9805DE4F
:10E770008B112FEF1F6D0A5ACF7E366DB709CB274D
:10E78000663F464F2DEA5F9EC7BA27757BF1E5EBE2
:10E79000F739073DEA92528AB15FFB6B085D8D1F26
:10E7A000A6F810111111813FD561C119A0012ABF2E
:10E7B0007DFEB157E31DC73EEB9C2B8AE6E55ABEB2
:10E7C0007CD5CF5A3AD9E53D564F46415F54415327
:10E7D0004B000000545249475F5441534B00000026
:10E7E00055495F5441534B00434841535349535F8C
:10E7F0005441534B00000000494E535F5441534B6A
:10E80000000000004445544543545F5441534B00BD
:10E81000544553545F5441534B0000004B45595FDE
:10E820005441534B00000000434F4D4D554E49435A
:10E830004154455F5441530058E80008000000204F
:10E8400018020000C4010008F8E8000818020020BF
:10E85000085E0000200200080138321042010371F6
:10E8600024F41AAA0181820224409C4623A0424B30
:10E8700020410C5348435B60EA18A92439194240EF
:10E88000659A99193F1AA0101A8020A9042944A951
:10E890000481120103128813025301100D3333EB6C
:10E8A0003A58A08B3A7D04017C160240AB0341101C
:10E8B00009055308065804070F1608108209111697
:10E8C0000A15800B162D0C18010DE2011013A95822
:10E8D0001B20C7041AD6041AF4041303591B202161
:10E8E000041A30041A4E041A5D041A7B041A99049F
:08E8F0001AA80469C800000029
:040000050800018965
:00000001FF
